Workbook

Sheet Read Me
A1: version 2: | B1: Original a(CDOM) values have been replaced with extrapolated CDOM values.
B2: The a(CDOM) plots with original a(CDOM) values were not smooth and had lots of outliers.
B3: Therefore, it was choosen to compute the "S", by plotting wavelength vs. LN(a(CDOM)) and extrapolate the a(CDOM) values on the basis of the S value at other wavelengths from a(CDOM) at 440 nm.

Sheet a(w)
A1: a(w)
B2: WMS_04 | C2: WMS_05 | D2: WMS_06 | E2: WMS_07 | F2: WMS_09 | G2: WMS_13 | H2: WMS_14 | I2: WMS_15 | J2: WMS_16 | K2: WMS_17 | L2: WMS_18 | M2: WMS_19 | N2: WMS_20 | O2: WMS_22 | P2: WMS_23 | Q2: WMS_24 | R2: WMS_25 | S2: WMS_26 | T2: WMS_27 | U2: WMS_29 | V2: WMS_30 | W2: WMS_31 | X2: WMS_32 | Y2: WMS_33 | Z2: WMS_34 | AA2: WMS_35 | AB2: WMS_36 | AC2: WMS_37 | AD2: WMS_38 | AE2: WMS_39
A3: 400 | B3: 0.00663 | C3: 0.00663 | D3: 0.00663 | E3: 0.00663 | F3: 0.00663 | G3: 0.00663 | H3: 0.00663 | I3: 0.00663 | J3: 0.00663 | K3: 0.00663 | L3: 0.00663 | M3: 0.00663 | N3: 0.00663 | O3: 0.00663 | P3: 0.00663 | Q3: 0.00663 | R3: 0.00663 | S3: 0.00663 | T3: 0.00663 | U3: 0.00663 | V3: 0.00663 | W3: 0.00663 | X3: 0.00663 | Y3: 0.00663 | Z3: 0.00663 | AA3: 0.00663 | AB3: 0.00663 | AC3: 0.00663 | AD3: 0.00663 | AE3: 0.00663
A4: 401 | B4: 0.006364 | C4: 0.006364 | D4: 0.006364 | E4: 0.006364 | F4: 0.006364 | G4: 0.006364 | H4: 0.006364 | I4: 0.006364 | J4: 0.006364 | K4: 0.006364 | L4: 0.006364 | M4: 0.006364 | N4: 0.006364 | O4: 0.006364 | P4: 0.006364 | Q4: 0.006364 | R4: 0.006364 | S4: 0.006364 | T4: 0.006364 | U4: 0.006364 | V4: 0.006364 | W4: 0.006364 | X4: 0.006364 | Y4: 0.006364 | Z4: 0.006364 | AA4: 0.006364 | AB4: 0.006364 | AC4: 0.006364 | AD4: 0.006364 | AE4: 0.006364
A5: 402 | B5: 0.006098 | C5: 0.006098 | D5: 0.006098 | E5: 0.006098 | F5: 0.006098 | G5: 0.006098 | H5: 0.006098 | I5: 0.006098 | J5: 0.006098 | K5: 0.006098 | L5: 0.006098 | M5: 0.006098 | N5: 0.006098 | O5: 0.006098 | P5: 0.006098 | Q5: 0.006098 | R5: 0.006098 | S5: 0.006098 | T5: 0.006098 | U5: 0.006098 | V5: 0.006098 | W5: 0.006098 | X5: 0.006098 | Y5: 0.006098 | Z5: 0.006098 | AA5: 0.006098 | AB5: 0.006098 | AC5: 0.006098 | AD5: 0.006098 | AE5: 0.006098
A6: 403 | B6: 0.005832 | C6: 0.005832 | D6: 0.005832 | E6: 0.005832 | F6: 0.005832 | G6: 0.005832 | H6: 0.005832 | I6: 0.005832 | J6: 0.005832 | K6: 0.005832 | L6: 0.005832 | M6: 0.005832 | N6: 0.005832 | O6: 0.005832 | P6: 0.005832 | Q6: 0.005832 | R6: 0.005832 | S6: 0.005832 | T6: 0.005832 | U6: 0.005832 | V6: 0.005832 | W6: 0.005832 | X6: 0.005832 | Y6: 0.005832 | Z6: 0.005832 | AA6: 0.005832 | AB6: 0.005832 | AC6: 0.005832 | AD6: 0.005832 | AE6: 0.005832
A7: 404 | B7: 0.005566 | C7: 0.005566 | D7: 0.005566 | E7: 0.005566 | F7: 0.005566 | G7: 0.005566 | H7: 0.005566 | I7: 0.005566 | J7: 0.005566 | K7: 0.005566 | L7: 0.005566 | M7: 0.005566 | N7: 0.005566 | O7: 0.005566 | P7: 0.005566 | Q7: 0.005566 | R7: 0.005566 | S7: 0.005566 | T7: 0.005566 | U7: 0.005566 | V7: 0.005566 | W7: 0.005566 | X7: 0.005566 | Y7: 0.005566 | Z7: 0.005566 | AA7: 0.005566 | AB7: 0.005566 | AC7: 0.005566 | AD7: 0.005566 | AE7: 0.005566
A8: 405 | B8: 0.0053 | C8: 0.0053 | D8: 0.0053 | E8: 0.0053 | F8: 0.0053 | G8: 0.0053 | H8: 0.0053 | I8: 0.0053 | J8: 0.0053 | K8: 0.0053 | L8: 0.0053 | M8: 0.0053 | N8: 0.0053 | O8: 0.0053 | P8: 0.0053 | Q8: 0.0053 | R8: 0.0053 | S8: 0.0053 | T8: 0.0053 | U8: 0.0053 | V8: 0.0053 | W8: 0.0053 | X8: 0.0053 | Y8: 0.0053 | Z8: 0.0053 | AA8: 0.0053 | AB8: 0.0053 | AC8: 0.0053 | AD8: 0.0053 | AE8: 0.0053
A9: 406 | B9: 0.005186 | C9: 0.005186 | D9: 0.005186 | E9: 0.005186 | F9: 0.005186 | G9: 0.005186 | H9: 0.005186 | I9: 0.005186 | J9: 0.005186 | K9: 0.005186 | L9: 0.005186 | M9: 0.005186 | N9: 0.005186 | O9: 0.005186 | P9: 0.005186 | Q9: 0.005186 | R9: 0.005186 | S9: 0.005186 | T9: 0.005186 | U9: 0.005186 | V9: 0.005186 | W9: 0.005186 | X9: 0.005186 | Y9: 0.005186 | Z9: 0.005186 | AA9: 0.005186 | AB9: 0.005186 | AC9: 0.005186 | AD9: 0.005186 | AE9: 0.005186
A10: 407 | B10: 0.005072 | C10: 0.005072 | D10: 0.005072 | E10: 0.005072 | F10: 0.005072 | G10: 0.005072 | H10: 0.005072 | I10: 0.005072 | J10: 0.005072 | K10: 0.005072 | L10: 0.005072 | M10: 0.005072 | N10: 0.005072 | O10: 0.005072 | P10: 0.005072 | Q10: 0.005072 | R10: 0.005072 | S10: 0.005072 | T10: 0.005072 | U10: 0.005072 | V10: 0.005072 | W10: 0.005072 | X10: 0.005072 | Y10: 0.005072 | Z10: 0.005072 | AA10: 0.005072 | AB10: 0.005072 | AC10: 0.005072 | AD10: 0.005072 | AE10: 0.005072
A11: 408 | B11: 0.004958 | C11: 0.004958 | D11: 0.004958 | E11: 0.004958 | F11: 0.004958 | G11: 0.004958 | H11: 0.004958 | I11: 0.004958 | J11: 0.004958 | K11: 0.004958 | L11: 0.004958 | M11: 0.004958 | N11: 0.004958 | O11: 0.004958 | P11: 0.004958 | Q11: 0.004958 | R11: 0.004958 | S11: 0.004958 | T11: 0.004958 | U11: 0.004958 | V11: 0.004958 | W11: 0.004958 | X11: 0.004958 | Y11: 0.004958 | Z11: 0.004958 | AA11: 0.004958 | AB11: 0.004958 | AC11: 0.004958 | AD11: 0.004958 | AE11: 0.004958
A12: 409 | B12: 0.004844 | C12: 0.004844 | D12: 0.004844 | E12: 0.004844 | F12: 0.004844 | G12: 0.004844 | H12: 0.004844 | I12: 0.004844 | J12: 0.004844 | K12: 0.004844 | L12: 0.004844 | M12: 0.004844 | N12: 0.004844 | O12: 0.004844 | P12: 0.004844 | Q12: 0.004844 | R12: 0.004844 | S12: 0.004844 | T12: 0.004844 | U12: 0.004844 | V12: 0.004844 | W12: 0.004844 | X12: 0.004844 | Y12: 0.004844 | Z12: 0.004844 | AA12: 0.004844 | AB12: 0.004844 | AC12: 0.004844 | AD12: 0.004844 | AE12: 0.004844
A13: 410 | B13: 0.00473 | C13: 0.00473 | D13: 0.00473 | E13: 0.00473 | F13: 0.00473 | G13: 0.00473 | H13: 0.00473 | I13: 0.00473 | J13: 0.00473 | K13: 0.00473 | L13: 0.00473 | M13: 0.00473 | N13: 0.00473 | O13: 0.00473 | P13: 0.00473 | Q13: 0.00473 | R13: 0.00473 | S13: 0.00473 | T13: 0.00473 | U13: 0.00473 | V13: 0.00473 | W13: 0.00473 | X13: 0.00473 | Y13: 0.00473 | Z13: 0.00473 | AA13: 0.00473 | AB13: 0.00473 | AC13: 0.00473 | AD13: 0.00473 | AE13: 0.00473
A14: 411 | B14: 0.004672 | C14: 0.004672 | D14: 0.004672 | E14: 0.004672 | F14: 0.004672 | G14: 0.004672 | H14: 0.004672 | I14: 0.004672 | J14: 0.004672 | K14: 0.004672 | L14: 0.004672 | M14: 0.004672 | N14: 0.004672 | O14: 0.004672 | P14: 0.004672 | Q14: 0.004672 | R14: 0.004672 | S14: 0.004672 | T14: 0.004672 | U14: 0.004672 | V14: 0.004672 | W14: 0.004672 | X14: 0.004672 | Y14: 0.004672 | Z14: 0.004672 | AA14: 0.004672 | AB14: 0.004672 | AC14: 0.004672 | AD14: 0.004672 | AE14: 0.004672
... A603: 1000 | B603: 40.715041 | C603: 40.715041 | D603: 40.715041 | E603: 40.715041 | F603: 40.715041 | G603: 40.715041 | H603: 40.715041 | I603: 40.715041 | J603: 40.715041 | K603: 40.715041 | L603: 40.715041 | M603: 40.715041 | N603: 40.715041 | O603: 40.715041 | P603: 40.715041 | Q603: 40.715041 | R603: 40.715041 | S603: 40.715041 | T603: 40.715041 | U603: 40.715041 | V603: 40.715041 | W603: 40.715041 | X603: 40.715041 | Y603: 40.715041 | Z603: 40.715041 | AA603: 40.715041 | AB603: 40.715041 | AC603: 40.715041 | AD603: 40.715041 | AE603: 40.715041

Sheet bb(w)
A2: Wavelength | B2: WMS_04 | C2: WMS_05 | D2: WMS_06 | E2: WMS_07 | F2: WMS_09 | G2: WMS_13 | H2: WMS_14 | I2: WMS_15 | J2: WMS_16 | K2: WMS_17 | L2: WMS_18 | M2: WMS_19 | N2: WMS_20 | O2: WMS_22 | P2: WMS_23 | Q2: WMS_24 | R2: WMS_25 | S2: WMS_26 | T2: WMS_27 | U2: WMS_29 | V2: WMS_30 | W2: WMS_31 | X2: WMS_32 | Y2: WMS_33 | Z2: WMS_34 | AA2: WMS_35 | AB2: WMS_36 | AC2: WMS_37 | AD2: WMS_38 | AE2: WMS_39
A3: 400 | B3: 0.003774735 | C3: 0.003774735 | D3: 0.003774735 | E3: 0.003774735 | F3: 0.003774735 | G3: 0.003774735 | H3: 0.003774735 | I3: 0.003774735 | J3: 0.003774735 | K3: 0.003774735 | L3: 0.003774735 | M3: 0.003774735 | N3: 0.003774735 | O3: 0.003774735 | P3: 0.003774735 | Q3: 0.003774735 | R3: 0.003774735 | S3: 0.003774735 | T3: 0.003774735 | U3: 0.003774735 | V3: 0.003774735 | W3: 0.003774735 | X3: 0.003774735 | Y3: 0.003774735 | Z3: 0.003774735 | AA3: 0.003774735 | AB3: 0.003774735 | AC3: 0.003774735 | AD3: 0.003774735 | AE3: 0.003774735
A4: 401 | B4: 0.00373449 | C4: 0.00373449 | D4: 0.00373449 | E4: 0.00373449 | F4: 0.00373449 | G4: 0.00373449 | H4: 0.00373449 | I4: 0.00373449 | J4: 0.00373449 | K4: 0.00373449 | L4: 0.00373449 | M4: 0.00373449 | N4: 0.00373449 | O4: 0.00373449 | P4: 0.00373449 | Q4: 0.00373449 | R4: 0.00373449 | S4: 0.00373449 | T4: 0.00373449 | U4: 0.00373449 | V4: 0.00373449 | W4: 0.00373449 | X4: 0.00373449 | Y4: 0.00373449 | Z4: 0.00373449 | AA4: 0.00373449 | AB4: 0.00373449 | AC4: 0.00373449 | AD4: 0.00373449 | AE4: 0.00373449
A5: 402 | B5: 0.00369477 | C5: 0.00369477 | D5: 0.00369477 | E5: 0.00369477 | F5: 0.00369477 | G5: 0.00369477 | H5: 0.00369477 | I5: 0.00369477 | J5: 0.00369477 | K5: 0.00369477 | L5: 0.00369477 | M5: 0.00369477 | N5: 0.00369477 | O5: 0.00369477 | P5: 0.00369477 | Q5: 0.00369477 | R5: 0.00369477 | S5: 0.00369477 | T5: 0.00369477 | U5: 0.00369477 | V5: 0.00369477 | W5: 0.00369477 | X5: 0.00369477 | Y5: 0.00369477 | Z5: 0.00369477 | AA5: 0.00369477 | AB5: 0.00369477 | AC5: 0.00369477 | AD5: 0.00369477 | AE5: 0.00369477
A6: 403 | B6: 0.00365558 | C6: 0.00365558 | D6: 0.00365558 | E6: 0.00365558 | F6: 0.00365558 | G6: 0.00365558 | H6: 0.00365558 | I6: 0.00365558 | J6: 0.00365558 | K6: 0.00365558 | L6: 0.00365558 | M6: 0.00365558 | N6: 0.00365558 | O6: 0.00365558 | P6: 0.00365558 | Q6: 0.00365558 | R6: 0.00365558 | S6: 0.00365558 | T6: 0.00365558 | U6: 0.00365558 | V6: 0.00365558 | W6: 0.00365558 | X6: 0.00365558 | Y6: 0.00365558 | Z6: 0.00365558 | AA6: 0.00365558 | AB6: 0.00365558 | AC6: 0.00365558 | AD6: 0.00365558 | AE6: 0.00365558
A7: 404 | B7: 0.0036169 | C7: 0.0036169 | D7: 0.0036169 | E7: 0.0036169 | F7: 0.0036169 | G7: 0.0036169 | H7: 0.0036169 | I7: 0.0036169 | J7: 0.0036169 | K7: 0.0036169 | L7: 0.0036169 | M7: 0.0036169 | N7: 0.0036169 | O7: 0.0036169 | P7: 0.0036169 | Q7: 0.0036169 | R7: 0.0036169 | S7: 0.0036169 | T7: 0.0036169 | U7: 0.0036169 | V7: 0.0036169 | W7: 0.0036169 | X7: 0.0036169 | Y7: 0.0036169 | Z7: 0.0036169 | AA7: 0.0036169 | AB7: 0.0036169 | AC7: 0.0036169 | AD7: 0.0036169 | AE7: 0.0036169
A8: 405 | B8: 0.00357872 | C8: 0.00357872 | D8: 0.00357872 | E8: 0.00357872 | F8: 0.00357872 | G8: 0.00357872 | H8: 0.00357872 | I8: 0.00357872 | J8: 0.00357872 | K8: 0.00357872 | L8: 0.00357872 | M8: 0.00357872 | N8: 0.00357872 | O8: 0.00357872 | P8: 0.00357872 | Q8: 0.00357872 | R8: 0.00357872 | S8: 0.00357872 | T8: 0.00357872 | U8: 0.00357872 | V8: 0.00357872 | W8: 0.00357872 | X8: 0.00357872 | Y8: 0.00357872 | Z8: 0.00357872 | AA8: 0.00357872 | AB8: 0.00357872 | AC8: 0.00357872 | AD8: 0.00357872 | AE8: 0.00357872
A9: 406 | B9: 0.00354104 | C9: 0.00354104 | D9: 0.00354104 | E9: 0.00354104 | F9: 0.00354104 | G9: 0.00354104 | H9: 0.00354104 | I9: 0.00354104 | J9: 0.00354104 | K9: 0.00354104 | L9: 0.00354104 | M9: 0.00354104 | N9: 0.00354104 | O9: 0.00354104 | P9: 0.00354104 | Q9: 0.00354104 | R9: 0.00354104 | S9: 0.00354104 | T9: 0.00354104 | U9: 0.00354104 | V9: 0.00354104 | W9: 0.00354104 | X9: 0.00354104 | Y9: 0.00354104 | Z9: 0.00354104 | AA9: 0.00354104 | AB9: 0.00354104 | AC9: 0.00354104 | AD9: 0.00354104 | AE9: 0.00354104
A10: 407 | B10: 0.00350385 | C10: 0.00350385 | D10: 0.00350385 | E10: 0.00350385 | F10: 0.00350385 | G10: 0.00350385 | H10: 0.00350385 | I10: 0.00350385 | J10: 0.00350385 | K10: 0.00350385 | L10: 0.00350385 | M10: 0.00350385 | N10: 0.00350385 | O10: 0.00350385 | P10: 0.00350385 | Q10: 0.00350385 | R10: 0.00350385 | S10: 0.00350385 | T10: 0.00350385 | U10: 0.00350385 | V10: 0.00350385 | W10: 0.00350385 | X10: 0.00350385 | Y10: 0.00350385 | Z10: 0.00350385 | AA10: 0.00350385 | AB10: 0.00350385 | AC10: 0.00350385 | AD10: 0.00350385 | AE10: 0.00350385
A11: 408 | B11: 0.00346715 | C11: 0.00346715 | D11: 0.00346715 | E11: 0.00346715 | F11: 0.00346715 | G11: 0.00346715 | H11: 0.00346715 | I11: 0.00346715 | J11: 0.00346715 | K11: 0.00346715 | L11: 0.00346715 | M11: 0.00346715 | N11: 0.00346715 | O11: 0.00346715 | P11: 0.00346715 | Q11: 0.00346715 | R11: 0.00346715 | S11: 0.00346715 | T11: 0.00346715 | U11: 0.00346715 | V11: 0.00346715 | W11: 0.00346715 | X11: 0.00346715 | Y11: 0.00346715 | Z11: 0.00346715 | AA11: 0.00346715 | AB11: 0.00346715 | AC11: 0.00346715 | AD11: 0.00346715 | AE11: 0.00346715
A12: 409 | B12: 0.003430915 | C12: 0.003430915 | D12: 0.003430915 | E12: 0.003430915 | F12: 0.003430915 | G12: 0.003430915 | H12: 0.003430915 | I12: 0.003430915 | J12: 0.003430915 | K12: 0.003430915 | L12: 0.003430915 | M12: 0.003430915 | N12: 0.003430915 | O12: 0.003430915 | P12: 0.003430915 | Q12: 0.003430915 | R12: 0.003430915 | S12: 0.003430915 | T12: 0.003430915 | U12: 0.003430915 | V12: 0.003430915 | W12: 0.003430915 | X12: 0.003430915 | Y12: 0.003430915 | Z12: 0.003430915 | AA12: 0.003430915 | AB12: 0.003430915 | AC12: 0.003430915 | AD12: 0.003430915 | AE12: 0.003430915
A13: 410 | B13: 0.00339515 | C13: 0.00339515 | D13: 0.00339515 | E13: 0.00339515 | F13: 0.00339515 | G13: 0.00339515 | H13: 0.00339515 | I13: 0.00339515 | J13: 0.00339515 | K13: 0.00339515 | L13: 0.00339515 | M13: 0.00339515 | N13: 0.00339515 | O13: 0.00339515 | P13: 0.00339515 | Q13: 0.00339515 | R13: 0.00339515 | S13: 0.00339515 | T13: 0.00339515 | U13: 0.00339515 | V13: 0.00339515 | W13: 0.00339515 | X13: 0.00339515 | Y13: 0.00339515 | Z13: 0.00339515 | AA13: 0.00339515 | AB13: 0.00339515 | AC13: 0.00339515 | AD13: 0.00339515 | AE13: 0.00339515
A14: 411 | B14: 0.003359845 | C14: 0.003359845 | D14: 0.003359845 | E14: 0.003359845 | F14: 0.003359845 | G14: 0.003359845 | H14: 0.003359845 | I14: 0.003359845 | J14: 0.003359845 | K14: 0.003359845 | L14: 0.003359845 | M14: 0.003359845 | N14: 0.003359845 | O14: 0.003359845 | P14: 0.003359845 | Q14: 0.003359845 | R14: 0.003359845 | S14: 0.003359845 | T14: 0.003359845 | U14: 0.003359845 | V14: 0.003359845 | W14: 0.003359845 | X14: 0.003359845 | Y14: 0.003359845 | Z14: 0.003359845 | AA14: 0.003359845 | AB14: 0.003359845 | AC14: 0.003359845 | AD14: 0.003359845 | AE14: 0.003359845
... A603: 1000 | B603: 7.6588e-05 | C603: 7.6588e-05 | D603: 7.6588e-05 | E603: 7.6588e-05 | F603: 7.6588e-05 | G603: 7.6588e-05 | H603: 7.6588e-05 | I603: 7.6588e-05 | J603: 7.6588e-05 | K603: 7.6588e-05 | L603: 7.6588e-05 | M603: 7.6588e-05 | N603: 7.6588e-05 | O603: 7.6588e-05 | P603: 7.6588e-05 | Q603: 7.6588e-05 | R603: 7.6588e-05 | S603: 7.6588e-05 | T603: 7.6588e-05 | U603: 7.6588e-05 | V603: 7.6588e-05 | W603: 7.6588e-05 | X603: 7.6588e-05 | Y603: 7.6588e-05 | Z603: 7.6588e-05 | AA603: 7.6588e-05 | AB603: 7.6588e-05 | AC603: 7.6588e-05 | AD603: 7.6588e-05 | AE603: 7.6588e-05

Sheet a(CDOM)
A2: Wavelength | B2: WMS_04 | C2: WMS_05 | D2: WMS_06 | E2: WMS_07 | F2: WMS_09 | G2: WMS_13 | H2: WMS_14 | I2: WMS_15 | J2: WMS_16 | K2: WMS_17 | L2: WMS_18 | M2: WMS_19 | N2: WMS_20 | O2: WMS_22 | P2: WMS_23 | Q2: WMS_24 | R2: WMS_25 | S2: WMS_26 | T2: WMS_27 | U2: WMS_29 | V2: WMS_30 | W2: WMS_31 | X2: WMS_32 | Y2: WMS_33 | Z2: WMS_34 | AA2: WMS_35 | AB2: WMS_36 | AC2: WMS_37 | AD2: WMS_38 | AE2: WMS_39
A3: 400 | B3: 0.016713997 | C3: 0.018266856 | D3: 0.033684456 | E3: 0.017185021 | F3: 0.015679978 | G3: 0.018162504 | H3: 0.018162504 | I3: 0.017007255 | J3: 0.017291544 | K3: 0.025735752 | L3: 0.021981592 | M3: 0.021813374 | N3: 0.015479765 | O3: 0.014745488 | P3: 0.024840064 | Q3: 0.011191539 | R3: 0.016874815 | S3: 0.017508137 | T3: 0.024234795 | U3: 0.016975438 | V3: 0.031510172 | W3: 0.013183748 | X3: 0.018617366 | Y3: 0.010604894 | Z3: 0.014127041 | AA3: 0.01005978 | AB3: 0.0095931355 | AC3: 0.0080892125 | AD3: 0.0091967831 | AE3: 0.010995607
A4: 401 | B4: 0.016491524 | C4: 0.018072443 | D4: 0.0334997 | E4: 0.016935942 | F4: 0.015461988 | G4: 0.017978188 | H4: 0.017978188 | I4: 0.016792628 | J4: 0.017080161 | K4: 0.025494969 | L4: 0.021717218 | M4: 0.021561801 | N4: 0.015264558 | O4: 0.014557949 | P4: 0.024637208 | Q4: 0.011009494 | R4: 0.016708579 | S4: 0.017326996 | T4: 0.024012858 | U4: 0.01675116 | V4: 0.031265348 | W4: 0.013025186 | X4: 0.018443183 | Y4: 0.01042822 | Z4: 0.013957134 | AA4: 0.0098724224 | AB4: 0.0094314306 | AC4: 0.007952063 | AD4: 0.0090291096 | AE4: 0.010799456
A5: 402 | B5: 0.016272011 | C5: 0.017880099 | D5: 0.033315957 | E5: 0.016690474 | F5: 0.015247028 | G5: 0.017795743 | H5: 0.017795743 | I5: 0.016580711 | J5: 0.016871361 | K5: 0.025256439 | L5: 0.021456023 | M5: 0.021313129 | N5: 0.015052343 | O5: 0.014372795 | P5: 0.024436009 | Q5: 0.010830411 | R5: 0.01654398 | S5: 0.017147729 | T5: 0.023792952 | U5: 0.016529844 | V5: 0.031022427 | W5: 0.012868531 | X5: 0.01827063 | Y5: 0.010254489 | Z5: 0.01378927 | AA5: 0.0096885546 | AB5: 0.0092724514 | AC5: 0.0078172387 | AD5: 0.0088644931 | AE5: 0.010606805
A6: 403 | B6: 0.016055421 | C6: 0.017689802 | D6: 0.033133223 | E6: 0.016448563 | F6: 0.015035057 | G6: 0.017615149 | H6: 0.017615149 | I6: 0.016371467 | J6: 0.016665115 | K6: 0.025020141 | L6: 0.021197969 | M6: 0.021067325 | N6: 0.014843078 | O6: 0.014189995 | P6: 0.024236453 | Q6: 0.010654241 | R6: 0.016381003 | S6: 0.016970317 | T6: 0.023575061 | U6: 0.016311453 | V6: 0.030781394 | W6: 0.01271376 | X6: 0.01809969 | Y6: 0.010083653 | Z6: 0.013623425 | AA6: 0.0095081113 | AB6: 0.009116152 | AC6: 0.0076847004 | AD6: 0.0087028779 | AE6: 0.010417591
A7: 404 | B7: 0.015841713 | C7: 0.01750153 | D7: 0.03295149 | E7: 0.016210159 | F7: 0.014826033 | G7: 0.017436388 | H7: 0.017436388 | I7: 0.016164864 | J7: 0.016461389 | K7: 0.024786054 | L7: 0.020943019 | M7: 0.020824356 | N7: 0.014636723 | O7: 0.014009521 | P7: 0.024038527 | Q7: 0.010480936 | R7: 0.016219631 | S7: 0.01679474 | T7: 0.023359165 | U7: 0.016095947 | V7: 0.030542233 | W7: 0.012560851 | X7: 0.01793035 | Y7: 0.0099156624 | Z7: 0.013459575 | AA7: 0.0093310286 | AB7: 0.0089624873 | AC7: 0.0075544091 | AD7: 0.0085442091 | AE7: 0.010231752
A8: 405 | B8: 0.01563085 | C8: 0.017315262 | D8: 0.032770754 | E8: 0.01597521 | F8: 0.014619914 | G8: 0.017259441 | H8: 0.017259441 | I8: 0.015960868 | J8: 0.016260154 | K8: 0.024554157 | L8: 0.020691136 | M8: 0.020584189 | N8: 0.014433237 | O8: 0.013831342 | P8: 0.023842217 | Q8: 0.010310451 | R8: 0.016059849 | S8: 0.01662098 | T8: 0.023145246 | U8: 0.015883288 | V8: 0.03030493 | W8: 0.01240978 | X8: 0.017762595 | Y8: 0.0097504708 | Z8: 0.013297696 | AA8: 0.0091572439 | AB8: 0.0088114128 | AC8: 0.007426327 | AD8: 0.0083884332 | AE8: 0.010049228
A9: 406 | B9: 0.015422794 | C9: 0.017130976 | D9: 0.03259101 | E9: 0.015743666 | F9: 0.014416662 | G9: 0.017084289 | H9: 0.017084289 | I9: 0.015759447 | J9: 0.016061379 | K9: 0.024324429 | L9: 0.020442282 | M9: 0.020346792 | N9: 0.014232579 | O9: 0.013655429 | P9: 0.02364751 | Q9: 0.010142738 | R9: 0.015901641 | S9: 0.016449018 | T9: 0.022933287 | U9: 0.015673439 | V9: 0.030069471 | W9: 0.012260527 | X9: 0.017596409 | Y9: 0.0095880312 | Z9: 0.013137763 | AA9: 0.0089866959 | AB9: 0.0086628848 | AC9: 0.0073004164 | AD9: 0.0082354974 | AE9: 0.00986996
A10: 407 | B10: 0.015217507 | C10: 0.016948652 | D10: 0.032412251 | E10: 0.015515478 | F10: 0.014216235 | G10: 0.016910915 | H10: 0.016910915 | I10: 0.015560568 | J10: 0.015865034 | K10: 0.024096851 | L10: 0.02019642 | M10: 0.020112133 | N10: 0.014034712 | O10: 0.013481753 | P10: 0.023454394 | Q10: 0.009977754 | R10: 0.015744991 | S10: 0.016278834 | T10: 0.022723268 | U10: 0.015466362 | V10: 0.029835841 | W10: 0.012113068 | X10: 0.017431777 | Y10: 0.0094282978 | Z10: 0.012979754 | AA10: 0.0088193243 | AB10: 0.0085168605 | AC10: 0.0071766406 | AD10: 0.0080853498 | AE10: 0.0096938901
A11: 408 | B11: 0.015014952 | C11: 0.016768268 | D11: 0.032234473 | E11: 0.015290598 | F11: 0.014018594 | G11: 0.0167393 | H11: 0.0167393 | I11: 0.015364198 | J11: 0.01567109 | K11: 0.023871401 | L11: 0.019953516 | M11: 0.01988018 | N11: 0.013839595 | O11: 0.013310287 | P11: 0.023262854 | Q11: 0.0098154533 | R11: 0.015589885 | S11: 0.016110412 | T11: 0.022515173 | U11: 0.015262022 | V11: 0.029604027 | W11: 0.011967383 | X11: 0.017268686 | Y11: 0.0092712255 | Z11: 0.012823645 | AA11: 0.0086550698 | AB11: 0.0083732976 | AC11: 0.0070549633 | AD11: 0.0079379397 | AE11: 0.0095209611
A12: 409 | B12: 0.014815094 | C12: 0.016589804 | D12: 0.03205767 | E12: 0.015068977 | F12: 0.013823701 | G12: 0.016569427 | H12: 0.016569427 | I12: 0.015170307 | J12: 0.015479516 | K12: 0.023648062 | L12: 0.019713534 | M12: 0.019650903 | N12: 0.01364719 | O12: 0.013141001 | P12: 0.023072879 | Q12: 0.0096557927 | R12: 0.015436306 | S12: 0.015943732 | T12: 0.022308983 | U12: 0.015060381 | V12: 0.029374014 | W12: 0.01182345 | X12: 0.017107121 | Y12: 0.00911677 | Z12: 0.012669414 | AA12: 0.0084938745 | AB12: 0.0082321547 | AC12: 0.0069353491 | AD12: 0.0077932172 | AE12: 0.009351117
A13: 410 | B13: 0.014617896 | C13: 0.016413239 | D13: 0.031881837 | E13: 0.014850568 | F13: 0.013631518 | G13: 0.016401278 | H13: 0.016401278 | I13: 0.014978862 | J13: 0.015290284 | K13: 0.023426811 | L13: 0.019476437 | M13: 0.019424269 | N13: 0.013457461 | O13: 0.012973868 | P13: 0.022884455 | Q13: 0.0094987291 | R13: 0.015284241 | S13: 0.015778776 | T13: 0.022104682 | U13: 0.014861404 | V13: 0.029145788 | W13: 0.011681249 | X13: 0.016947068 | Y13: 0.0089648876 | Z13: 0.012517038 | AA13: 0.0083356813 | AB13: 0.0080933909 | AC13: 0.0068177628 | AD13: 0.0076511331 | AE13: 0.0091843027
A14: 411 | B14: 0.014423323 | C14: 0.016238554 | D14: 0.031706968 | E14: 0.014635325 | F14: 0.013442006 | G14: 0.016234835 | H14: 0.016234835 | I14: 0.014789833 | J14: 0.015103365 | K14: 0.023207631 | L14: 0.019242192 | M14: 0.019200249 | N14: 0.013270369 | O14: 0.012808861 | P14: 0.022697569 | Q14: 0.0093442204 | R14: 0.015133673 | S14: 0.015615527 | T14: 0.021902251 | U14: 0.014665056 | V14: 0.028919335 | W14: 0.011540757 | X14: 0.016788512 | Y14: 0.0088155356 | Z14: 0.012366494 | AA14: 0.0081804344 | AB14: 0.0079569662 | AC14: 0.0067021702 | AD14: 0.0075116396 | AE14: 0.0090204642
... A603: 1000 | B603: 5.3870709e-06 | C603: 2.9750429e-05 | D603: 0.0012423894 | E603: 2.6960653e-06 | F603: 3.5259147e-06 | G603: 3.9929466e-05 | H603: 3.9929466e-05 | I603: 8.3427699e-06 | J603: 1.0783022e-05 | K603: 9.143574e-05 | L603: 1.5455434e-05 | M603: 2.0702999e-05 | N603: 3.4808932e-06 | O603: 6.8120455e-06 | P603: 0.00018131088 | Q603: 5.9625508e-07 | R603: 4.4415014e-05 | S603: 3.4138338e-05 | T603: 9.7080905e-05 | U603: 5.8096642e-06 | V603: 0.00029238332 | W603: 9.2695994e-06 | X603: 6.6145053e-05 | Y603: 4.4444492e-07 | Z603: 9.932836e-06 | AA603: 1.2698333e-07 | AB603: 3.565799e-07 | AC603: 2.8316845e-07 | AD603: 1.475791e-07 | AE603: 2.2430492e-07

Sheet Simulated_Rrs (SPM=0)
A1: =0.54*0.0922 -> 0.049788
A2: Wavelength | B2: WMS_04 | C2: WMS_05 | D2: WMS_06 | E2: WMS_07 | F2: WMS_09 | G2: WMS_13 | H2: WMS_14 | I2: WMS_15 | J2: WMS_16 | K2: WMS_17 | L2: WMS_18 | M2: WMS_19 | N2: WMS_20 | O2: WMS_22 | P2: WMS_23 | Q2: WMS_24 | R2: WMS_25 | S2: WMS_26 | T2: WMS_27 | U2: WMS_29 | V2: WMS_30 | W2: WMS_31 | X2: WMS_32 | Y2: WMS_33 | Z2: WMS_34 | AA2: WMS_35 | AB2: WMS_36 | AC2: WMS_37 | AD2: WMS_38 | AE2: WMS_39
A3: 400 | B3: =$A$1*0.0922*(('bb(w)'!B3)/(('a(w)'!B3+'a(CDOM)'!B3+('bb(w)'!B3)))) -> 0.00063895855 | C3: =$A$1*0.0922*(('bb(w)'!C3)/(('a(w)'!C3+'a(CDOM)'!C3+('bb(w)'!C3)))) -> 0.00060435243 | D3: =$A$1*0.0922*(('bb(w)'!D3)/(('a(w)'!D3+'a(CDOM)'!D3+('bb(w)'!D3)))) -> 0.00039301574 | E3: =$A$1*0.0922*(('bb(w)'!E3)/(('a(w)'!E3+'a(CDOM)'!E3+('bb(w)'!E3)))) -> 0.00062804999 | F3: =$A$1*0.0922*(('bb(w)'!F3)/(('a(w)'!F3+'a(CDOM)'!F3+('bb(w)'!F3)))) -> 0.00066428739 | G3: =$A$1*0.0922*(('bb(w)'!G3)/(('a(w)'!G3+'a(CDOM)'!G3+('bb(w)'!G3)))) -> 0.00060656004 | H3: =$A$1*0.0922*(('bb(w)'!H3)/(('a(w)'!H3+'a(CDOM)'!H3+('bb(w)'!H3)))) -> 0.00060656004 | I3: =$A$1*0.0922*(('bb(w)'!I3)/(('a(w)'!I3+'a(CDOM)'!I3+('bb(w)'!I3)))) -> 0.00063212288 | ... AE3: =$A$1*0.0922*(('bb(w)'!AE3)/(('a(w)'!AE3+'a(CDOM)'!AE3+('bb(w)'!AE3)))) -> 0.00080969482
A4: 401 | B4: =$A$1*0.0922*(('bb(w)'!B4)/(('a(w)'!B4+'a(CDOM)'!B4+('bb(w)'!B4)))) -> 0.00064471584 | C4: =$A$1*0.0922*(('bb(w)'!C4)/(('a(w)'!C4+'a(CDOM)'!C4+('bb(w)'!C4)))) -> 0.00060853516 | D4: =$A$1*0.0922*(('bb(w)'!D4)/(('a(w)'!D4+'a(CDOM)'!D4+('bb(w)'!D4)))) -> 0.00039320447 | E4: =$A$1*0.0922*(('bb(w)'!E4)/(('a(w)'!E4+'a(CDOM)'!E4+('bb(w)'!E4)))) -> 0.00063411737 | F4: =$A$1*0.0922*(('bb(w)'!F4)/(('a(w)'!F4+'a(CDOM)'!F4+('bb(w)'!F4)))) -> 0.00067068399 | G4: =$A$1*0.0922*(('bb(w)'!G4)/(('a(w)'!G4+'a(CDOM)'!G4+('bb(w)'!G4)))) -> 0.00061057803 | H4: =$A$1*0.0922*(('bb(w)'!H4)/(('a(w)'!H4+'a(CDOM)'!H4+('bb(w)'!H4)))) -> 0.00061057803 | I4: =$A$1*0.0922*(('bb(w)'!I4)/(('a(w)'!I4+'a(CDOM)'!I4+('bb(w)'!I4)))) -> 0.00063749684 | ... AE4: =$A$1*0.0922*(('bb(w)'!AE4)/(('a(w)'!AE4+'a(CDOM)'!AE4+('bb(w)'!AE4)))) -> 0.00082031998
A5: 402 | B5: =$A$1*0.0922*(('bb(w)'!B5)/(('a(w)'!B5+'a(CDOM)'!B5+('bb(w)'!B5)))) -> 0.00065071217 | C5: =$A$1*0.0922*(('bb(w)'!C5)/(('a(w)'!C5+'a(CDOM)'!C5+('bb(w)'!C5)))) -> 0.00061289888 | D5: =$A$1*0.0922*(('bb(w)'!D5)/(('a(w)'!D5+'a(CDOM)'!D5+('bb(w)'!D5)))) -> 0.00039343936 | E5: =$A$1*0.0922*(('bb(w)'!E5)/(('a(w)'!E5+'a(CDOM)'!E5+('bb(w)'!E5)))) -> 0.00064043024 | F5: =$A$1*0.0922*(('bb(w)'!F5)/(('a(w)'!F5+'a(CDOM)'!F5+('bb(w)'!F5)))) -> 0.00067734852 | G5: =$A$1*0.0922*(('bb(w)'!G5)/(('a(w)'!G5+'a(CDOM)'!G5+('bb(w)'!G5)))) -> 0.0006147729 | H5: =$A$1*0.0922*(('bb(w)'!H5)/(('a(w)'!H5+'a(CDOM)'!H5+('bb(w)'!H5)))) -> 0.0006147729 | I5: =$A$1*0.0922*(('bb(w)'!I5)/(('a(w)'!I5+'a(CDOM)'!I5+('bb(w)'!I5)))) -> 0.00064309564 | ... AE5: =$A$1*0.0922*(('bb(w)'!AE5)/(('a(w)'!AE5+'a(CDOM)'!AE5+('bb(w)'!AE5)))) -> 0.00083142271
A6: 403 | B6: =$A$1*0.0922*(('bb(w)'!B6)/(('a(w)'!B6+'a(CDOM)'!B6+('bb(w)'!B6)))) -> 0.00065696159 | C6: =$A$1*0.0922*(('bb(w)'!C6)/(('a(w)'!C6+'a(CDOM)'!C6+('bb(w)'!C6)))) -> 0.00061745354 | D6: =$A$1*0.0922*(('bb(w)'!D6)/(('a(w)'!D6+'a(CDOM)'!D6+('bb(w)'!D6)))) -> 0.00039372253 | E6: =$A$1*0.0922*(('bb(w)'!E6)/(('a(w)'!E6+'a(CDOM)'!E6+('bb(w)'!E6)))) -> 0.00064700331 | F6: =$A$1*0.0922*(('bb(w)'!F6)/(('a(w)'!F6+'a(CDOM)'!F6+('bb(w)'!F6)))) -> 0.00068429714 | G6: =$A$1*0.0922*(('bb(w)'!G6)/(('a(w)'!G6+'a(CDOM)'!G6+('bb(w)'!G6)))) -> 0.00061915427 | H6: =$A$1*0.0922*(('bb(w)'!H6)/(('a(w)'!H6+'a(CDOM)'!H6+('bb(w)'!H6)))) -> 0.00061915427 | I6: =$A$1*0.0922*(('bb(w)'!I6)/(('a(w)'!I6+'a(CDOM)'!I6+('bb(w)'!I6)))) -> 0.00064893228 | ... AE6: =$A$1*0.0922*(('bb(w)'!AE6)/(('a(w)'!AE6+'a(CDOM)'!AE6+('bb(w)'!AE6)))) -> 0.00084303574
A7: 404 | B7: =$A$1*0.0922*(('bb(w)'!B7)/(('a(w)'!B7+'a(CDOM)'!B7+('bb(w)'!B7)))) -> 0.00066347526 | C7: =$A$1*0.0922*(('bb(w)'!C7)/(('a(w)'!C7+'a(CDOM)'!C7+('bb(w)'!C7)))) -> 0.00062220598 | D7: =$A$1*0.0922*(('bb(w)'!D7)/(('a(w)'!D7+'a(CDOM)'!D7+('bb(w)'!D7)))) -> 0.00039405368 | E7: =$A$1*0.0922*(('bb(w)'!E7)/(('a(w)'!E7+'a(CDOM)'!E7+('bb(w)'!E7)))) -> 0.00065384843 | F7: =$A$1*0.0922*(('bb(w)'!F7)/(('a(w)'!F7+'a(CDOM)'!F7+('bb(w)'!F7)))) -> 0.0006915431 | G7: =$A$1*0.0922*(('bb(w)'!G7)/(('a(w)'!G7+'a(CDOM)'!G7+('bb(w)'!G7)))) -> 0.00062372862 | H7: =$A$1*0.0922*(('bb(w)'!H7)/(('a(w)'!H7+'a(CDOM)'!H7+('bb(w)'!H7)))) -> 0.00062372862 | I7: =$A$1*0.0922*(('bb(w)'!I7)/(('a(w)'!I7+'a(CDOM)'!I7+('bb(w)'!I7)))) -> 0.00065501681 | ... AE7: =$A$1*0.0922*(('bb(w)'!AE7)/(('a(w)'!AE7+'a(CDOM)'!AE7+('bb(w)'!AE7)))) -> 0.00085518977
A8: 405 | B8: =$A$1*0.0922*(('bb(w)'!B8)/(('a(w)'!B8+'a(CDOM)'!B8+('bb(w)'!B8)))) -> 0.00067026668 | C8: =$A$1*0.0922*(('bb(w)'!C8)/(('a(w)'!C8+'a(CDOM)'!C8+('bb(w)'!C8)))) -> 0.00062716499 | D8: =$A$1*0.0922*(('bb(w)'!D8)/(('a(w)'!D8+'a(CDOM)'!D8+('bb(w)'!D8)))) -> 0.0003944335 | E8: =$A$1*0.0922*(('bb(w)'!E8)/(('a(w)'!E8+'a(CDOM)'!E8+('bb(w)'!E8)))) -> 0.00066097991 | F8: =$A$1*0.0922*(('bb(w)'!F8)/(('a(w)'!F8+'a(CDOM)'!F8+('bb(w)'!F8)))) -> 0.00069910225 | G8: =$A$1*0.0922*(('bb(w)'!G8)/(('a(w)'!G8+'a(CDOM)'!G8+('bb(w)'!G8)))) -> 0.00062850437 | H8: =$A$1*0.0922*(('bb(w)'!H8)/(('a(w)'!H8+'a(CDOM)'!H8+('bb(w)'!H8)))) -> 0.00062850437 | I8: =$A$1*0.0922*(('bb(w)'!I8)/(('a(w)'!I8+'a(CDOM)'!I8+('bb(w)'!I8)))) -> 0.00066136153 | ... AE8: =$A$1*0.0922*(('bb(w)'!AE8)/(('a(w)'!AE8+'a(CDOM)'!AE8+('bb(w)'!AE8)))) -> 0.00086792019
A9: 406 | B9: =$A$1*0.0922*(('bb(w)'!B9)/(('a(w)'!B9+'a(CDOM)'!B9+('bb(w)'!B9)))) -> 0.00067308869 | C9: =$A$1*0.0922*(('bb(w)'!C9)/(('a(w)'!C9+'a(CDOM)'!C9+('bb(w)'!C9)))) -> 0.0006286244 | D9: =$A$1*0.0922*(('bb(w)'!D9)/(('a(w)'!D9+'a(CDOM)'!D9+('bb(w)'!D9)))) -> 0.00039341111 | E9: =$A$1*0.0922*(('bb(w)'!E9)/(('a(w)'!E9+'a(CDOM)'!E9+('bb(w)'!E9)))) -> 0.0006642628 | F9: =$A$1*0.0922*(('bb(w)'!F9)/(('a(w)'!F9+'a(CDOM)'!F9+('bb(w)'!F9)))) -> 0.00070235004 | G9: =$A$1*0.0922*(('bb(w)'!G9)/(('a(w)'!G9+'a(CDOM)'!G9+('bb(w)'!G9)))) -> 0.00062976144 | H9: =$A$1*0.0922*(('bb(w)'!H9)/(('a(w)'!H9+'a(CDOM)'!H9+('bb(w)'!H9)))) -> 0.00062976144 | I9: =$A$1*0.0922*(('bb(w)'!I9)/(('a(w)'!I9+'a(CDOM)'!I9+('bb(w)'!I9)))) -> 0.0006638347 | ... AE9: =$A$1*0.0922*(('bb(w)'!AE9)/(('a(w)'!AE9+'a(CDOM)'!AE9+('bb(w)'!AE9)))) -> 0.00087406462
A10: 407 | B10: =$A$1*0.0922*(('bb(w)'!B10)/(('a(w)'!B10+'a(CDOM)'!B10+('bb(w)'!B10)))) -> 0.00067599797 | C10: =$A$1*0.0922*(('bb(w)'!C10)/(('a(w)'!C10+'a(CDOM)'!C10+('bb(w)'!C10)))) -> 0.00063014985 | D10: =$A$1*0.0922*(('bb(w)'!D10)/(('a(w)'!D10+'a(CDOM)'!D10+('bb(w)'!D10)))) -> 0.00039241293 | E10: =$A$1*0.0922*(('bb(w)'!E10)/(('a(w)'!E10+'a(CDOM)'!E10+('bb(w)'!E10)))) -> 0.00066763695 | F10: =$A$1*0.0922*(('bb(w)'!F10)/(('a(w)'!F10+'a(CDOM)'!F10+('bb(w)'!F10)))) -> 0.00070569503 | G10: =$A$1*0.0922*(('bb(w)'!G10)/(('a(w)'!G10+'a(CDOM)'!G10+('bb(w)'!G10)))) -> 0.00063108287 | H10: =$A$1*0.0922*(('bb(w)'!H10)/(('a(w)'!H10+'a(CDOM)'!H10+('bb(w)'!H10)))) -> 0.00063108287 | I10: =$A$1*0.0922*(('bb(w)'!I10)/(('a(w)'!I10+'a(CDOM)'!I10+('bb(w)'!I10)))) -> 0.00066638973 | ... AE10: =$A$1*0.0922*(('bb(w)'!AE10)/(('a(w)'!AE10+'a(CDOM)'!AE10+('bb(w)'!AE10)))) -> 0.0008803771
A11: 408 | B11: =$A$1*0.0922*(('bb(w)'!B11)/(('a(w)'!B11+'a(CDOM)'!B11+('bb(w)'!B11)))) -> 0.00067899837 | C11: =$A$1*0.0922*(('bb(w)'!C11)/(('a(w)'!C11+'a(CDOM)'!C11+('bb(w)'!C11)))) -> 0.00063174402 | D11: =$A$1*0.0922*(('bb(w)'!D11)/(('a(w)'!D11+'a(CDOM)'!D11+('bb(w)'!D11)))) -> 0.00039143971 | E11: =$A$1*0.0922*(('bb(w)'!E11)/(('a(w)'!E11+'a(CDOM)'!E11+('bb(w)'!E11)))) -> 0.00067110644 | F11: =$A$1*0.0922*(('bb(w)'!F11)/(('a(w)'!F11+'a(CDOM)'!F11+('bb(w)'!F11)))) -> 0.00070914154 | G11: =$A$1*0.0922*(('bb(w)'!G11)/(('a(w)'!G11+'a(CDOM)'!G11+('bb(w)'!G11)))) -> 0.00063247124 | H11: =$A$1*0.0922*(('bb(w)'!H11)/(('a(w)'!H11+'a(CDOM)'!H11+('bb(w)'!H11)))) -> 0.00063247124 | I11: =$A$1*0.0922*(('bb(w)'!I11)/(('a(w)'!I11+'a(CDOM)'!I11+('bb(w)'!I11)))) -> 0.00066903015 | ... AE11: =$A$1*0.0922*(('bb(w)'!AE11)/(('a(w)'!AE11+'a(CDOM)'!AE11+('bb(w)'!AE11)))) -> 0.00088686574
A12: 409 | B12: =$A$1*0.0922*(('bb(w)'!B12)/(('a(w)'!B12+'a(CDOM)'!B12+('bb(w)'!B12)))) -> 0.00068208965 | C12: =$A$1*0.0922*(('bb(w)'!C12)/(('a(w)'!C12+'a(CDOM)'!C12+('bb(w)'!C12)))) -> 0.00063340576 | D12: =$A$1*0.0922*(('bb(w)'!D12)/(('a(w)'!D12+'a(CDOM)'!D12+('bb(w)'!D12)))) -> 0.00039048962 | E12: =$A$1*0.0922*(('bb(w)'!E12)/(('a(w)'!E12+'a(CDOM)'!E12+('bb(w)'!E12)))) -> 0.00067467139 | F12: =$A$1*0.0922*(('bb(w)'!F12)/(('a(w)'!F12+'a(CDOM)'!F12+('bb(w)'!F12)))) -> 0.0007126897 | G12: =$A$1*0.0922*(('bb(w)'!G12)/(('a(w)'!G12+'a(CDOM)'!G12+('bb(w)'!G12)))) -> 0.00063392526 | H12: =$A$1*0.0922*(('bb(w)'!H12)/(('a(w)'!H12+'a(CDOM)'!H12+('bb(w)'!H12)))) -> 0.00063392526 | I12: =$A$1*0.0922*(('bb(w)'!I12)/(('a(w)'!I12+'a(CDOM)'!I12+('bb(w)'!I12)))) -> 0.00067175548 | ... AE12: =$A$1*0.0922*(('bb(w)'!AE12)/(('a(w)'!AE12+'a(CDOM)'!AE12+('bb(w)'!AE12)))) -> 0.00089353384
A13: 410 | B13: =$A$1*0.0922*(('bb(w)'!B13)/(('a(w)'!B13+'a(CDOM)'!B13+('bb(w)'!B13)))) -> 0.00068527666 | C13: =$A$1*0.0922*(('bb(w)'!C13)/(('a(w)'!C13+'a(CDOM)'!C13+('bb(w)'!C13)))) -> 0.00063513861 | D13: =$A$1*0.0922*(('bb(w)'!D13)/(('a(w)'!D13+'a(CDOM)'!D13+('bb(w)'!D13)))) -> 0.00038956391 | E13: =$A$1*0.0922*(('bb(w)'!E13)/(('a(w)'!E13+'a(CDOM)'!E13+('bb(w)'!E13)))) -> 0.00067833695 | F13: =$A$1*0.0922*(('bb(w)'!F13)/(('a(w)'!F13+'a(CDOM)'!F13+('bb(w)'!F13)))) -> 0.00071634492 | G13: =$A$1*0.0922*(('bb(w)'!G13)/(('a(w)'!G13+'a(CDOM)'!G13+('bb(w)'!G13)))) -> 0.00063544836 | H13: =$A$1*0.0922*(('bb(w)'!H13)/(('a(w)'!H13+'a(CDOM)'!H13+('bb(w)'!H13)))) -> 0.00063544836 | I13: =$A$1*0.0922*(('bb(w)'!I13)/(('a(w)'!I13+'a(CDOM)'!I13+('bb(w)'!I13)))) -> 0.00067457023 | ... AE13: =$A$1*0.0922*(('bb(w)'!AE13)/(('a(w)'!AE13+'a(CDOM)'!AE13+('bb(w)'!AE13)))) -> 0.00090039118
A14: 411 | B14: =$A$1*0.0922*(('bb(w)'!B14)/(('a(w)'!B14+'a(CDOM)'!B14+('bb(w)'!B14)))) -> 0.00068684469 | C14: =$A$1*0.0922*(('bb(w)'!C14)/(('a(w)'!C14+'a(CDOM)'!C14+('bb(w)'!C14)))) -> 0.00063547421 | D14: =$A$1*0.0922*(('bb(w)'!D14)/(('a(w)'!D14+'a(CDOM)'!D14+('bb(w)'!D14)))) -> 0.00038811457 | E14: =$A$1*0.0922*(('bb(w)'!E14)/(('a(w)'!E14+'a(CDOM)'!E14+('bb(w)'!E14)))) -> 0.00068042074 | F14: =$A$1*0.0922*(('bb(w)'!F14)/(('a(w)'!F14+'a(CDOM)'!F14+('bb(w)'!F14)))) -> 0.00071823225 | G14: =$A$1*0.0922*(('bb(w)'!G14)/(('a(w)'!G14+'a(CDOM)'!G14+('bb(w)'!G14)))) -> 0.00063557159 | H14: =$A$1*0.0922*(('bb(w)'!H14)/(('a(w)'!H14+'a(CDOM)'!H14+('bb(w)'!H14)))) -> 0.00063557159 | I14: =$A$1*0.0922*(('bb(w)'!I14)/(('a(w)'!I14+'a(CDOM)'!I14+('bb(w)'!I14)))) -> 0.00067581413 | ... AE14: =$A$1*0.0922*(('bb(w)'!AE14)/(('a(w)'!AE14+'a(CDOM)'!AE14+('bb(w)'!AE14)))) -> 0.00090446475
... A603: 1000 | B603: =$A$1*0.0922*(('bb(w)'!B603)/(('a(w)'!B603+'a(CDOM)'!B603+('bb(w)'!B603)))) -> 8.634965e-09 | C603: =$A$1*0.0922*(('bb(w)'!C603)/(('a(w)'!C603+'a(CDOM)'!C603+('bb(w)'!C603)))) -> 8.6349598e-09 | D603: =$A$1*0.0922*(('bb(w)'!D603)/(('a(w)'!D603+'a(CDOM)'!D603+('bb(w)'!D603)))) -> 8.6347027e-09 | E603: =$A$1*0.0922*(('bb(w)'!E603)/(('a(w)'!E603+'a(CDOM)'!E603+('bb(w)'!E603)))) -> 8.6349656e-09 | F603: =$A$1*0.0922*(('bb(w)'!F603)/(('a(w)'!F603+'a(CDOM)'!F603+('bb(w)'!F603)))) -> 8.6349654e-09 | G603: =$A$1*0.0922*(('bb(w)'!G603)/(('a(w)'!G603+'a(CDOM)'!G603+('bb(w)'!G603)))) -> 8.6349577e-09 | H603: =$A$1*0.0922*(('bb(w)'!H603)/(('a(w)'!H603+'a(CDOM)'!H603+('bb(w)'!H603)))) -> 8.6349577e-09 | I603: =$A$1*0.0922*(('bb(w)'!I603)/(('a(w)'!I603+'a(CDOM)'!I603+('bb(w)'!I603)))) -> 8.6349644e-09 | ... AE603: =$A$1*0.0922*(('bb(w)'!AE603)/(('a(w)'!AE603+'a(CDOM)'!AE603+('bb(w)'!AE603)))) -> 8.6349661e-09

Sheet Simulated_Rrs (SPM)
A1: =0.54*0.0922 -> 0.049788
A2: Wavelength | B2: WMS_04 | C2: WMS_05 | D2: WMS_06 | E2: WMS_07 | F2: WMS_09 | G2: WMS_13 | H2: WMS_14 | I2: WMS_15 | J2: WMS_16 | K2: WMS_17 | L2: WMS_18 | M2: WMS_19 | N2: WMS_20 | O2: WMS_22 | P2: WMS_23 | Q2: WMS_24 | R2: WMS_25 | S2: WMS_26 | T2: WMS_27 | U2: WMS_29 | V2: WMS_30 | W2: WMS_31 | X2: WMS_32 | Y2: WMS_33 | Z2: WMS_34 | AA2: WMS_35 | AB2: WMS_36 | AC2: WMS_37 | AD2: WMS_38 | AE2: WMS_39
A3: 400 | B3: ='Radiometer Rrs'!B3-'Simulated_Rrs (SPM=0)'!B3 -> 0.0045913386 | C3: ='Radiometer Rrs'!C3-'Simulated_Rrs (SPM=0)'!C3 -> 0.0043370663 | D3: ='Radiometer Rrs'!D3-'Simulated_Rrs (SPM=0)'!D3 -> 0.0034913133 | E3: ='Radiometer Rrs'!E3-'Simulated_Rrs (SPM=0)'!E3 -> 0.0034998063 | F3: ='Radiometer Rrs'!F3-'Simulated_Rrs (SPM=0)'!F3 -> 0.0033078319 | G3: ='Radiometer Rrs'!G3-'Simulated_Rrs (SPM=0)'!G3 -> 0.0020897354 | H3: ='Radiometer Rrs'!H3-'Simulated_Rrs (SPM=0)'!H3 -> 0.0019346142 | I3: ='Radiometer Rrs'!I3-'Simulated_Rrs (SPM=0)'!I3 -> 0.0016839485 | ... AE3: ='Radiometer Rrs'!AE3-'Simulated_Rrs (SPM=0)'!AE3 -> 0.0082211722
A4: 401 | B4: ='Radiometer Rrs'!B4-'Simulated_Rrs (SPM=0)'!B4 -> 0.0045975831 | C4: ='Radiometer Rrs'!C4-'Simulated_Rrs (SPM=0)'!C4 -> 0.0043294953 | D4: ='Radiometer Rrs'!D4-'Simulated_Rrs (SPM=0)'!D4 -> 0.003491585 | E4: ='Radiometer Rrs'!E4-'Simulated_Rrs (SPM=0)'!E4 -> 0.003488575 | F4: ='Radiometer Rrs'!F4-'Simulated_Rrs (SPM=0)'!F4 -> 0.0032894041 | G4: ='Radiometer Rrs'!G4-'Simulated_Rrs (SPM=0)'!G4 -> 0.0021751826 | H4: ='Radiometer Rrs'!H4-'Simulated_Rrs (SPM=0)'!H4 -> 0.00191769 | I4: ='Radiometer Rrs'!I4-'Simulated_Rrs (SPM=0)'!I4 -> 0.0016769516 | ... AE4: ='Radiometer Rrs'!AE4-'Simulated_Rrs (SPM=0)'!AE4 -> 0.0082093219
A5: 402 | B5: ='Radiometer Rrs'!B5-'Simulated_Rrs (SPM=0)'!B5 -> 0.0046158571 | C5: ='Radiometer Rrs'!C5-'Simulated_Rrs (SPM=0)'!C5 -> 0.0043288905 | D5: ='Radiometer Rrs'!D5-'Simulated_Rrs (SPM=0)'!D5 -> 0.0034968526 | E5: ='Radiometer Rrs'!E5-'Simulated_Rrs (SPM=0)'!E5 -> 0.0034804383 | F5: ='Radiometer Rrs'!F5-'Simulated_Rrs (SPM=0)'!F5 -> 0.0032781595 | G5: ='Radiometer Rrs'!G5-'Simulated_Rrs (SPM=0)'!G5 -> 0.0022600206 | H5: ='Radiometer Rrs'!H5-'Simulated_Rrs (SPM=0)'!H5 -> 0.0019000556 | I5: ='Radiometer Rrs'!I5-'Simulated_Rrs (SPM=0)'!I5 -> 0.0016731256 | ... AE5: ='Radiometer Rrs'!AE5-'Simulated_Rrs (SPM=0)'!AE5 -> 0.0081901022
A6: 403 | B6: ='Radiometer Rrs'!B6-'Simulated_Rrs (SPM=0)'!B6 -> 0.0046311906 | C6: ='Radiometer Rrs'!C6-'Simulated_Rrs (SPM=0)'!C6 -> 0.0043524493 | D6: ='Radiometer Rrs'!D6-'Simulated_Rrs (SPM=0)'!D6 -> 0.003525226 | E6: ='Radiometer Rrs'!E6-'Simulated_Rrs (SPM=0)'!E6 -> 0.0035022349 | F6: ='Radiometer Rrs'!F6-'Simulated_Rrs (SPM=0)'!F6 -> 0.0032977731 | G6: ='Radiometer Rrs'!G6-'Simulated_Rrs (SPM=0)'!G6 -> 0.0022962667 | H6: ='Radiometer Rrs'!H6-'Simulated_Rrs (SPM=0)'!H6 -> 0.0018980929 | I6: ='Radiometer Rrs'!I6-'Simulated_Rrs (SPM=0)'!I6 -> 0.0016787411 | ... AE6: ='Radiometer Rrs'!AE6-'Simulated_Rrs (SPM=0)'!AE6 -> 0.0081960472
A7: 404 | B7: ='Radiometer Rrs'!B7-'Simulated_Rrs (SPM=0)'!B7 -> 0.0046532723 | C7: ='Radiometer Rrs'!C7-'Simulated_Rrs (SPM=0)'!C7 -> 0.0043750095 | D7: ='Radiometer Rrs'!D7-'Simulated_Rrs (SPM=0)'!D7 -> 0.003552972 | E7: ='Radiometer Rrs'!E7-'Simulated_Rrs (SPM=0)'!E7 -> 0.003526083 | F7: ='Radiometer Rrs'!F7-'Simulated_Rrs (SPM=0)'!F7 -> 0.0033183184 | G7: ='Radiometer Rrs'!G7-'Simulated_Rrs (SPM=0)'!G7 -> 0.0023271685 | H7: ='Radiometer Rrs'!H7-'Simulated_Rrs (SPM=0)'!H7 -> 0.0018963774 | I7: ='Radiometer Rrs'!I7-'Simulated_Rrs (SPM=0)'!I7 -> 0.0016824579 | ... AE7: ='Radiometer Rrs'!AE7-'Simulated_Rrs (SPM=0)'!AE7 -> 0.0081902407
A8: 405 | B8: ='Radiometer Rrs'!B8-'Simulated_Rrs (SPM=0)'!B8 -> 0.0046875429 | C8: ='Radiometer Rrs'!C8-'Simulated_Rrs (SPM=0)'!C8 -> 0.0043959392 | D8: ='Radiometer Rrs'!D8-'Simulated_Rrs (SPM=0)'!D8 -> 0.0035796394 | E8: ='Radiometer Rrs'!E8-'Simulated_Rrs (SPM=0)'!E8 -> 0.0035537758 | F8: ='Radiometer Rrs'!F8-'Simulated_Rrs (SPM=0)'!F8 -> 0.0033407353 | G8: ='Radiometer Rrs'!G8-'Simulated_Rrs (SPM=0)'!G8 -> 0.0023487115 | H8: ='Radiometer Rrs'!H8-'Simulated_Rrs (SPM=0)'!H8 -> 0.0018952432 | I8: ='Radiometer Rrs'!I8-'Simulated_Rrs (SPM=0)'!I8 -> 0.0016829796 | ... AE8: ='Radiometer Rrs'!AE8-'Simulated_Rrs (SPM=0)'!AE8 -> 0.0081639282
A9: 406 | B9: ='Radiometer Rrs'!B9-'Simulated_Rrs (SPM=0)'!B9 -> 0.0047198276 | C9: ='Radiometer Rrs'!C9-'Simulated_Rrs (SPM=0)'!C9 -> 0.004428949 | D9: ='Radiometer Rrs'!D9-'Simulated_Rrs (SPM=0)'!D9 -> 0.0036185929 | E9: ='Radiometer Rrs'!E9-'Simulated_Rrs (SPM=0)'!E9 -> 0.0035834547 | F9: ='Radiometer Rrs'!F9-'Simulated_Rrs (SPM=0)'!F9 -> 0.003371898 | G9: ='Radiometer Rrs'!G9-'Simulated_Rrs (SPM=0)'!G9 -> 0.0023570973 | H9: ='Radiometer Rrs'!H9-'Simulated_Rrs (SPM=0)'!H9 -> 0.0019022371 | I9: ='Radiometer Rrs'!I9-'Simulated_Rrs (SPM=0)'!I9 -> 0.0016867853 | ... AE9: ='Radiometer Rrs'!AE9-'Simulated_Rrs (SPM=0)'!AE9 -> 0.0081443569
A10: 407 | B10: ='Radiometer Rrs'!B10-'Simulated_Rrs (SPM=0)'!B10 -> 0.0047489571 | C10: ='Radiometer Rrs'!C10-'Simulated_Rrs (SPM=0)'!C10 -> 0.0044663128 | D10: ='Radiometer Rrs'!D10-'Simulated_Rrs (SPM=0)'!D10 -> 0.0036631289 | E10: ='Radiometer Rrs'!E10-'Simulated_Rrs (SPM=0)'!E10 -> 0.0036120828 | F10: ='Radiometer Rrs'!F10-'Simulated_Rrs (SPM=0)'!F10 -> 0.0034052479 | G10: ='Radiometer Rrs'!G10-'Simulated_Rrs (SPM=0)'!G10 -> 0.0023568283 | H10: ='Radiometer Rrs'!H10-'Simulated_Rrs (SPM=0)'!H10 -> 0.0019115411 | I10: ='Radiometer Rrs'!I10-'Simulated_Rrs (SPM=0)'!I10 -> 0.0016902065 | ... AE10: ='Radiometer Rrs'!AE10-'Simulated_Rrs (SPM=0)'!AE10 -> 0.0081246976
A11: 408 | B11: ='Radiometer Rrs'!B11-'Simulated_Rrs (SPM=0)'!B11 -> 0.004752381 | C11: ='Radiometer Rrs'!C11-'Simulated_Rrs (SPM=0)'!C11 -> 0.0044908341 | D11: ='Radiometer Rrs'!D11-'Simulated_Rrs (SPM=0)'!D11 -> 0.0036737803 | E11: ='Radiometer Rrs'!E11-'Simulated_Rrs (SPM=0)'!E11 -> 0.0036390242 | F11: ='Radiometer Rrs'!F11-'Simulated_Rrs (SPM=0)'!F11 -> 0.0034102826 | G11: ='Radiometer Rrs'!G11-'Simulated_Rrs (SPM=0)'!G11 -> 0.0023244579 | H11: ='Radiometer Rrs'!H11-'Simulated_Rrs (SPM=0)'!H11 -> 0.0019159172 | I11: ='Radiometer Rrs'!I11-'Simulated_Rrs (SPM=0)'!I11 -> 0.0016976227 | ... AE11: ='Radiometer Rrs'!AE11-'Simulated_Rrs (SPM=0)'!AE11 -> 0.0081338343
A12: 409 | B12: ='Radiometer Rrs'!B12-'Simulated_Rrs (SPM=0)'!B12 -> 0.0047674763 | C12: ='Radiometer Rrs'!C12-'Simulated_Rrs (SPM=0)'!C12 -> 0.0045150695 | D12: ='Radiometer Rrs'!D12-'Simulated_Rrs (SPM=0)'!D12 -> 0.0036902366 | E12: ='Radiometer Rrs'!E12-'Simulated_Rrs (SPM=0)'!E12 -> 0.0036689484 | F12: ='Radiometer Rrs'!F12-'Simulated_Rrs (SPM=0)'!F12 -> 0.0034253539 | G12: ='Radiometer Rrs'!G12-'Simulated_Rrs (SPM=0)'!G12 -> 0.0023017574 | H12: ='Radiometer Rrs'!H12-'Simulated_Rrs (SPM=0)'!H12 -> 0.0019185721 | I12: ='Radiometer Rrs'!I12-'Simulated_Rrs (SPM=0)'!I12 -> 0.0017030372 | ... AE12: ='Radiometer Rrs'!AE12-'Simulated_Rrs (SPM=0)'!AE12 -> 0.0081357898
A13: 410 | B13: ='Radiometer Rrs'!B13-'Simulated_Rrs (SPM=0)'!B13 -> 0.0048189908 | C13: ='Radiometer Rrs'!C13-'Simulated_Rrs (SPM=0)'!C13 -> 0.0045401274 | D13: ='Radiometer Rrs'!D13-'Simulated_Rrs (SPM=0)'!D13 -> 0.0037272712 | E13: ='Radiometer Rrs'!E13-'Simulated_Rrs (SPM=0)'!E13 -> 0.0037077221 | F13: ='Radiometer Rrs'!F13-'Simulated_Rrs (SPM=0)'!F13 -> 0.0034725188 | G13: ='Radiometer Rrs'!G13-'Simulated_Rrs (SPM=0)'!G13 -> 0.0023104954 | H13: ='Radiometer Rrs'!H13-'Simulated_Rrs (SPM=0)'!H13 -> 0.001917022 | I13: ='Radiometer Rrs'!I13-'Simulated_Rrs (SPM=0)'!I13 -> 0.0017024226 | ... AE13: ='Radiometer Rrs'!AE13-'Simulated_Rrs (SPM=0)'!AE13 -> 0.0081141919
A14: 411 | B14: ='Radiometer Rrs'!B14-'Simulated_Rrs (SPM=0)'!B14 -> 0.0048554796 | C14: ='Radiometer Rrs'!C14-'Simulated_Rrs (SPM=0)'!C14 -> 0.0045727531 | D14: ='Radiometer Rrs'!D14-'Simulated_Rrs (SPM=0)'!D14 -> 0.0037585366 | E14: ='Radiometer Rrs'!E14-'Simulated_Rrs (SPM=0)'!E14 -> 0.0037368685 | F14: ='Radiometer Rrs'!F14-'Simulated_Rrs (SPM=0)'!F14 -> 0.0035050405 | G14: ='Radiometer Rrs'!G14-'Simulated_Rrs (SPM=0)'!G14 -> 0.0023094949 | H14: ='Radiometer Rrs'!H14-'Simulated_Rrs (SPM=0)'!H14 -> 0.001920044 | I14: ='Radiometer Rrs'!I14-'Simulated_Rrs (SPM=0)'!I14 -> 0.0017094099 | ... AE14: ='Radiometer Rrs'!AE14-'Simulated_Rrs (SPM=0)'!AE14 -> 0.0081281072
... A603: 1000 | B603: ='Radiometer Rrs'!B603-'Simulated_Rrs (SPM=0)'!B603 -> 0.0018324962 | C603: ='Radiometer Rrs'!C603-'Simulated_Rrs (SPM=0)'!C603 -> 0.0019056941 | D603: ='Radiometer Rrs'!D603-'Simulated_Rrs (SPM=0)'!D603 -> 0.0017899264 | E603: ='Radiometer Rrs'!E603-'Simulated_Rrs (SPM=0)'!E603 -> 0.0019632821 | F603: ='Radiometer Rrs'!F603-'Simulated_Rrs (SPM=0)'!F603 -> 0.0016161323 | G603: ='Radiometer Rrs'!G603-'Simulated_Rrs (SPM=0)'!G603 -> 0.0020763715 | H603: ='Radiometer Rrs'!H603-'Simulated_Rrs (SPM=0)'!H603 -> 0.001578214 | I603: ='Radiometer Rrs'!I603-'Simulated_Rrs (SPM=0)'!I603 -> 0.0016390767 | ... AE603: ='Radiometer Rrs'!AE603-'Simulated_Rrs (SPM=0)'!AE603 -> 0.0077767015

Sheet Radiometer Rrs
A2: Wavelength | B2: WMS_04 | C2: WMS_05 | D2: WMS_06 | E2: WMS_07 | F2: WMS_09 | G2: WMS_13 | H2: WMS_14 | I2: WMS_15 | J2: WMS_16 | K2: WMS_17 | L2: WMS_18 | M2: WMS_19 | N2: WMS_20 | O2: WMS_22 | P2: WMS_23 | Q2: WMS_24 | R2: WMS_25 | S2: WMS_26 | T2: WMS_27 | U2: WMS_29 | V2: WMS_30 | W2: WMS_31 | X2: WMS_32 | Y2: WMS_33 | Z2: WMS_34 | AA2: WMS_35 | AB2: WMS_36 | AC2: WMS_37 | AD2: WMS_38 | AE2: WMS_39
A3: 400 | B3: 0.0052302972 | C3: 0.0049414187 | D3: 0.003884329 | E3: 0.0041278563 | F3: 0.0039721193 | G3: 0.0026962955 | H3: 0.0025411743 | I3: 0.0023160714 | J3: 0.0037734273 | K3: 0.015588019 | L3: 0.002362873 | M3: 0.0032302317 | N3: 0.0031105908 | O3: 0.0034790207 | P3: 0.001746422 | Q3: 0.0019657654 | R3: 0.001746422 | S3: 0.0037972643 | T3: 0.0012628528 | U3: 0.0082535255 | V3: 0.0041953233 | W3: 0.0035003632 | X3: 0.010179417 | Y3: 0.0092169328 | Z3: 0.014827458 | AA3: 0.009030867 | AB3: 0.0090895865 | AC3: 0.0019613264 | AD3: 0.0069471461 | AE3: 0.009030867
A4: 401 | B4: 0.0052422989 | C4: 0.0049380304 | D4: 0.0038847895 | E4: 0.0041226923 | F4: 0.0039600881 | G4: 0.0027857607 | H4: 0.002528268 | I4: 0.0023144485 | J4: 0.0037539648 | K4: 0.015557096 | L4: 0.0023615938 | M4: 0.0032153955 | N4: 0.0030979549 | O4: 0.003475042 | P4: 0.001742324 | Q4: 0.0019657997 | R4: 0.001742324 | S4: 0.0037436296 | T4: 0.0012805666 | U4: 0.0083772484 | V4: 0.0041787557 | W4: 0.0034853822 | X4: 0.010158286 | Y4: 0.0092365472 | Z4: 0.014759713 | AA4: 0.0090296419 | AB4: 0.0090653779 | AC4: 0.0019564767 | AD4: 0.0069202899 | AE4: 0.0090296419
A5: 402 | B5: 0.0052665693 | C5: 0.0049417893 | D5: 0.003890292 | E5: 0.0041208686 | F5: 0.003955508 | G5: 0.0028747936 | H5: 0.0025148285 | I5: 0.0023162212 | J5: 0.0037387468 | K5: 0.015530077 | L5: 0.0023664429 | M5: 0.0032019111 | N5: 0.0030899442 | O5: 0.0034723098 | P5: 0.0017429338 | Q5: 0.0019700572 | R5: 0.0017429338 | S5: 0.0037038069 | T5: 0.0012909986 | U5: 0.0084821362 | V5: 0.0041697711 | W5: 0.0034728449 | X5: 0.010140877 | Y5: 0.0092630315 | Z5: 0.014700574 | AA5: 0.0090215249 | AB5: 0.0090445613 | AC5: 0.0019540826 | AD5: 0.0068984507 | AE5: 0.0090215249
A6: 403 | B6: 0.0052881521 | C6: 0.0049699029 | D6: 0.0039189485 | E6: 0.0041492382 | F6: 0.0039820702 | G6: 0.0029154209 | H6: 0.0025172471 | I6: 0.0023276734 | J6: 0.003745576 | K6: 0.015500504 | L6: 0.0023779078 | M6: 0.0032013386 | N6: 0.0030945303 | O6: 0.0034692924 | P6: 0.001743635 | Q6: 0.0019723397 | R6: 0.001743635 | S6: 0.0037011725 | T6: 0.0013021913 | U6: 0.0085449997 | V6: 0.0041857413 | W6: 0.0035059951 | X6: 0.010143942 | Y6: 0.0092769921 | Z6: 0.014647459 | AA6: 0.0090390829 | AB6: 0.0090581458 | AC6: 0.0019525537 | AD6: 0.0069091257 | AE6: 0.0090390829
A7: 404 | B7: 0.0053167475 | C7: 0.0049972155 | D7: 0.0039470257 | E7: 0.0041799314 | F7: 0.0040098615 | G7: 0.0029508972 | H7: 0.0025201061 | I7: 0.0023374747 | J7: 0.0037557565 | K7: 0.015494468 | L7: 0.002390163 | M7: 0.0032016227 | N7: 0.0031001075 | O7: 0.0034716342 | P7: 0.0017465384 | Q7: 0.0019743552 | R7: 0.0017465384 | S7: 0.0037117948 | T7: 0.0013106004 | U7: 0.0085783468 | V7: 0.0042099002 | W7: 0.0035301045 | X7: 0.010146996 | Y7: 0.0092907328 | Z7: 0.014623641 | AA7: 0.0090454304 | AB7: 0.0090658676 | AC7: 0.0019569883 | AD7: 0.0069223437 | AE7: 0.0090454304
A8: 405 | B8: 0.0053578096 | C8: 0.0050231042 | D8: 0.0039740729 | E8: 0.0042147557 | F8: 0.0040398375 | G8: 0.0029772159 | H8: 0.0025237476 | I8: 0.0023443411 | J8: 0.0037718947 | K8: 0.015530277 | L8: 0.002403823 | M8: 0.0032034297 | N8: 0.0031074465 | O8: 0.0034835033 | P8: 0.0017533569 | Q8: 0.0019758959 | R8: 0.0017533569 | S8: 0.0037459845 | T8: 0.0013140608 | U8: 0.0085592204 | V8: 0.004248617 | W8: 0.0035381413 | X8: 0.010150032 | Y8: 0.0093040822 | Z8: 0.014651906 | AA8: 0.0090318484 | AB8: 0.0090631666 | AC8: 0.0019720248 | AD8: 0.0069400824 | AE8: 0.0090318484
A9: 406 | B9: 0.0053929163 | C9: 0.0050575734 | D9: 0.004012004 | E9: 0.0042477175 | F9: 0.004074248 | G9: 0.0029868588 | H9: 0.0025319985 | I9: 0.00235062 | J9: 0.0037906128 | K9: 0.015550554 | L9: 0.0024243323 | M9: 0.0032074141 | N9: 0.0031110919 | O9: 0.0034900043 | P9: 0.001765534 | Q9: 0.0019831077 | R9: 0.001765534 | S9: 0.0037744086 | T9: 0.0013127367 | U9: 0.0085254753 | V9: 0.0042877331 | W9: 0.003524664 | X9: 0.010152504 | Y9: 0.0093157013 | Z9: 0.014668123 | AA9: 0.0090184215 | AB9: 0.0090555223 | AC9: 0.0019783136 | AD9: 0.0069648281 | AE9: 0.0090184215
A10: 407 | B10: 0.005424955 | C10: 0.0050964627 | D10: 0.0040555418 | E10: 0.0042797197 | F10: 0.0041109429 | G10: 0.0029879111 | H10: 0.002542624 | I10: 0.0023565962 | J10: 0.00381066 | K10: 0.015562832 | L10: 0.0024483702 | M10: 0.0032125201 | N10: 0.0031128344 | O10: 0.0034937399 | P10: 0.0017804716 | Q10: 0.001993241 | R10: 0.0017804716 | S10: 0.0037998625 | T10: 0.001308948 | U10: 0.0084841992 | V10: 0.0043270549 | W10: 0.0035001037 | X10: 0.010154687 | Y10: 0.009326429 | Z10: 0.014678133 | AA10: 0.0090050747 | AB10: 0.0090453314 | AC10: 0.0019800959 | AD10: 0.0069931835 | AE10: 0.0090050747
A11: 408 | B11: 0.0054313794 | C11: 0.0051225781 | D11: 0.0040652201 | E11: 0.0043101306 | F11: 0.0041194241 | G11: 0.0029569292 | H11: 0.0025483885 | I11: 0.0023666529 | J11: 0.0038257907 | K11: 0.015610799 | L11: 0.0024544941 | M11: 0.0032221459 | N11: 0.0031172513 | O11: 0.0034928537 | P11: 0.0017864206 | Q11: 0.0020052111 | R11: 0.0017864206 | S11: 0.0038358196 | T11: 0.0013139001 | U11: 0.0084632165 | V11: 0.004364659 | W11: 0.0035239763 | X11: 0.010150378 | Y11: 0.0093409802 | Z11: 0.014707111 | AA11: 0.0090207001 | AB11: 0.0090366882 | AC11: 0.0019935729 | AD11: 0.0070271963 | AE11: 0.0090207001
A12: 409 | B12: 0.005449566 | C12: 0.0051484753 | D12: 0.0040807262 | E12: 0.0043436198 | F12: 0.0041380436 | G12: 0.0029356826 | H12: 0.0025524973 | I12: 0.0023747927 | J12: 0.0038380557 | K12: 0.015649822 | L12: 0.0024628624 | M12: 0.0032299687 | N12: 0.003120913 | O12: 0.0034940682 | P12: 0.0017916585 | Q12: 0.0020148884 | R12: 0.0017916585 | S12: 0.003868428 | T12: 0.0013221388 | U12: 0.0084492627 | V12: 0.0043995247 | W12: 0.0035353412 | X12: 0.010158327 | Y12: 0.0093526363 | Z12: 0.014731857 | AA12: 0.0090293236 | AB12: 0.0090334676 | AC12: 0.0020036263 | AD12: 0.0070526753 | AE12: 0.0090293236
A13: 410 | B13: 0.0055042674 | C13: 0.005175266 | D13: 0.0041168351 | E13: 0.0043860591 | F13: 0.0041888638 | G13: 0.0029459437 | H13: 0.0025524704 | I13: 0.0023769928 | J13: 0.0038427478 | K13: 0.015659156 | L13: 0.0024797432 | M13: 0.0032321236 | N13: 0.0031221082 | O13: 0.0035018102 | P13: 0.001795938 | Q13: 0.0020178226 | R13: 0.001795938 | S13: 0.0038902602 | T13: 0.0013386951 | U13: 0.0084529078 | V13: 0.0044268006 | W13: 0.0035053637 | X13: 0.010201931 | Y13: 0.0093555989 | Z13: 0.014742309 | AA13: 0.0090145831 | AB13: 0.0090454973 | AC13: 0.0020025486 | AD13: 0.0070531951 | AE13: 0.0090145831
A14: 411 | B14: 0.0055423243 | C14: 0.0052082273 | D14: 0.0041466512 | E14: 0.0044172892 | F14: 0.0042232727 | G14: 0.0029450665 | H14: 0.0025556156 | I14: 0.002385224 | J14: 0.0038457241 | K14: 0.015687579 | L14: 0.0024949754 | M14: 0.0032337942 | N14: 0.0031219832 | O14: 0.0035086987 | P14: 0.0018031904 | Q14: 0.002021041 | R14: 0.0018031904 | S14: 0.0039051673 | T14: 0.0013578495 | U14: 0.0084551363 | V14: 0.0044524765 | W14: 0.0035086729 | X14: 0.010222979 | Y14: 0.0093610065 | Z14: 0.014756812 | AA14: 0.0090325719 | AB14: 0.0090421297 | AC14: 0.0020058973 | AD14: 0.007058709 | AE14: 0.0090325719
... A603: 1000 | B603: 0.0018325048 | C603: 0.0019057028 | D603: 0.0017899351 | E603: 0.0019632907 | F603: 0.0016161409 | G603: 0.0020763802 | H603: 0.0015782226 | I603: 0.0016390853 | J603: 0.0023139907 | K603: 0.015418593 | L603: 0.0024364167 | M603: 0.0016735155 | N603: 0.0023283213 | O603: 0.0030609749 | P603: 0.0010610144 | Q603: 0.0010254029 | R603: 0.0010610144 | S603: 0.0024899365 | T603: 0.00017963428 | U603: 0.008101805 | V603: 0.0057356634 | W603: 0.0018519933 | X603: 0.006599842 | Y603: 0.0075249266 | Z603: 0.012239258 | AA603: 0.0077767101 | AB603: 0.0065690588 | AC603: 0.0007307049 | AD603: 0.006462548 | AE603: 0.0077767101

Sheet Hypers.sim
A1: Sites | B1: SPM | C1: 400 | D1: 570 | E1: 620 | F1: Rrs 640 | G1: 748 | H1: Rrs 880 | I1: 470 | J1: 471 | K1: 472 | L1: 473 | M1: 474 | N1: 475 | O1: 476 | P1: 477 | Q1: 478 | R1: 479 | S1: 480 | T1: 481 | U1: 482 | V1: 483 | W1: 484 | X1: 485 | Y1: 486 | Z1: 487 | AA1: 488 | AB1: 489 | AC1: 490 | AD1: 491 | AE1: 492 | AF1: 493 | AG1: 494 | AH1: 495 | AI1: 496 | AJ1: 497 | AK1: 498 | AL1: 499 | AM1: 500 | AN1: 550 | AO1: 551 | AP1: 552 | AQ1: 553 | AR1: 554 | AS1: 555 | AT1: 556 | AU1: 557 | AV1: 558 | AW1: 559 | AX1: 560 | AY1: 561 | AZ1: 562 | BA1: 563 | BB1: 564 | BC1: 565 | BD1: 610 | BE1: 611 | BF1: 612 | BG1: 613 | BH1: 614 | BI1: 615 | BJ1: 616 | BK1: 617 | BL1: 618 | BM1: 619 | BN1: 620 | BO1: 621 | BP1: 622 | BQ1: 623 | BR1: 624 | BS1: 625 | BT1: 626 | BU1: 627 | BV1: 628 | BW1: 629 | BX1: 630 | BY1: 631 | BZ1: 632 | CA1: 633 | CB1: 634 | CC1: 635 | CD1: 636 | CE1: 637 | CF1: 638 | CG1: 639 | CH1: 640 | CI1: 641 | CJ1: 642 | CK1: 643 | CL1: 644 | CM1: 645 | CN1: 646 | CO1: 647 | CP1: 648 | CQ1: 649 | CR1: 650 | CS1: 651 | CT1: 652 | CU1: 653 | CV1: 654 | CW1: 655 | CX1: 656 | CY1: 657 | CZ1: 658 | DA1: 659 | DB1: 660 | DC1: 661 | DD1: 662 | DE1: 663 | DF1: 664 | DG1: 665 | DH1: 666 | DI1: 667 | DJ1: 668 | DK1: 669 | DL1: 670 | DM1: 671 | DN1: 672 | DO1: 673 | DP1: 674 | DQ1: 675 | DR1: 676 | DS1: 677 | DT1: 678 | DU1: 711 | DV1: 712 | DW1: 713 | DX1: 714 | DY1: 715 | DZ1: 716 | EA1: 717 | EB1: 718 | EC1: 719 | ED1: 720 | EE1: 721 | EF1: 722 | EG1: 723 | EH1: 724 | EI1: 725 | EJ1: 726 | EK1: 727 | EL1: 728 | EM1: 729 | EN1: 730 | EO1: 731 | EP1: 732 | EQ1: 733 | ER1: 734 | ES1: 735 | ET1: 736 | EU1: 737 | EV1: 738 | EW1: 739 | EX1: 740 | EY1: 741 | EZ1: 742 | FA1: 743 | FB1: 744 | FC1: 745 | FD1: 746 | FE1: 747 | FF1: 748 | FG1: 749 | FH1: 750 | FI1: 751 | FJ1: 752 | FK1: 753 | FL1: 754 | FM1: 755 | FN1: 820 | FO1: 821 | FP1: 822 | FQ1: 823 | FR1: 824 | FS1: 825 | FT1: 826 | FU1: 827 | FV1: 828 | FW1: 829 | FX1: 830 | FY1: 831 | FZ1: 832 | GA1: 833 | GB1: 834 | GC1: 835 | GD1: 836 | GE1: 837 | GF1: 838 | GG1: 839 | GH1: 840 | GI1: 841 | GJ1: 842 | GK1: 843 | GL1: 844 | GM1: 845 | GN1: 846 | GO1: 847 | GP1: 848 | GQ1: 849 | GR1: 850 | GS1: 851 | GT1: 852 | GU1: 853 | GV1: 854 | GW1: 855 | GX1: 856 | GY1: 857 | GZ1: 858 | HA1: 859 | HB1: 860 | HC1: 861 | HD1: 862 | HE1: 863 | HF1: 864 | HG1: 865 | HH1: 866 | HI1: 867 | HJ1: 868 | HK1: 869 | HL1: 870 | HM1: =((DW1/LY1)/(BA1/DX1))^0.3*(CA1/IB1)/(BA1/CA1) -> 1.0470267 | HN1: 687 | HO1: 688 | HP1: 689 | HQ1: 690 | HR1: 691 | HS1: 692 | HT1: 693 | HU1: 694 | HV1: 695 | HW1: 696 | HX1: 697 | HY1: 698 | HZ1: 699 | IA1: 700 | IB1: 701 | IC1: 702 | ID1: 703 | IE1: 704 | IF1: 705 | IG1: 706 | IH1: 707 | II1: 708 | IJ1: 709 | IK1: 710 | IL1: 711 | IM1: 712 | IN1: 727 | IO1: 728 | IP1: 729 | IQ1: 730 | IR1: 731 | IS1: 732 | IT1: 733 | IU1: 734 | IV1: 735 | IW1: 736 | IX1: 737 | IY1: 738 | IZ1: 739 | JA1: 740 | JB1: 741 | JC1: 742 | JD1: 743 | JE1: 744 | JF1: 745 | JG1: 746 | JH1: 747 | JI1: 748 | JJ1: 749 | JK1: 750 | JL1: 751 | JM1: 752 | JN1: 753 | JO1: 754 | JP1: 755 | JQ1: 756 | JR1: 757 | JS1: 758 | JT1: 759 | JU1: 760 | JV1: 761 | JW1: 762 | JX1: 763 | JY1: 764 | JZ1: 765 | KA1: 766 | KB1: 767 | KC1: 768 | KD1: 769 | KE1: 770 | KF1: 771 | KG1: 772 | KH1: 773 | KI1: 774 | KJ1: 775 | KK1: 776 | KL1: 777 | KM1: 778 | KN1: 779 | KO1: 780 | KP1: 781 | KQ1: 782 | KR1: 783 | KS1: 784 | KT1: 785 | KU1: 786 | KV1: 787 | KW1: 788 | KX1: 789 | KY1: 790 | KZ1: 791 | LA1: 792 | LB1: 793 | LC1: 794 | LD1: 795 | LE1: 796 | LF1: 797 | LG1: 798 | LH1: 799 | LI1: 800 | LJ1: 801 | LK1: 802 | LL1: 803 | LM1: 804 | LN1: 805 | LO1: 806 | LP1: 807 | LQ1: 808 | LR1: 809 | LS1: 810 | LT1: 811 | LU1: 812 | LV1: 813 | LW1: 814 | LX1: 815 | LY1: 816 | LZ1: 817 | MA1: 818 | MB1: 819 | MC1: 820 | MD1: 821 | ME1: 822 | MF1: 823 | MG1: 824 | MH1: 825 | MI1: 826 | MJ1: 827 | MK1: 828 | ML1: 829 | MM1: 830 | MN1: 831 | MO1: 832 | MP1: 833 | MQ1: 834 | MR1: 835 | MS1: 836 | MT1: 837 | MU1: 838 | MV1: 839 | MW1: 840 | MX1: 841 | MY1: 842 | MZ1: 843 | NA1: 844 | NB1: 845 | NC1: 846 | ND1: 847 | NE1: 848 | NF1: 849 | NG1: 850 | NH1: 851 | NI1: 852 | NJ1: 853 | NK1: 854 | NL1: 855 | NM1: 856 | NN1: 857 | NO1: 858 | NP1: 859 | NQ1: 860 | NR1: 861 | NS1: 862 | NT1: 863 | NU1: 864 | NV1: 865 | NW1: 866 | NX1: 867 | NY1: 868 | NZ1: 869 | OA1: 870 | OB1: 871 | OC1: 872 | OD1: 873 | OE1: 874 | OF1: 875 | OG1: 876 | OH1: 877 | OI1: 878 | OJ1: 879 | OK1: 880 | OL1: 881 | OM1: 882 | ON1: 883 | OO1: 884 | OP1: 885 | OQ1: 886 | OR1: 887 | OS1: 888 | OT1: 889 | OU1: 890 | OV1: 891 | OW1: 892 | OX1: 893 | OY1: 894 | OZ1: 895 | PA1: 896 | PB1: 897 | PC1: 898 | PD1: 899 | PE1: 900 | PF1: Simulated SPM Rrs | PH1: Orignial
A2: WMS04 | B2: 36 | C2: 0.0052302972 | D2: 0.018398008 | E2: 0.018276244 | F2: 0.018471666 | G2: 0.0053165129 | H2: 0.0025586378 | I2: 0.008443505 | J2: 0.0085214306 | K2: 0.0085889072 | L2: 0.0086589089 | M2: 0.0087321362 | N2: 0.0088108534 | O2: 0.0088928878 | P2: 0.0089720518 | Q2: 0.0090479407 | R2: 0.0091200115 | S2: 0.009201507 | T2: 0.009283344 | U2: 0.0093627455 | V2: 0.0094449552 | W2: 0.009530214 | X2: 0.0096159761 | Y2: 0.0097025984 | Z2: 0.009784488 | AA2: 0.0098674681 | AB2: 0.0099514943 | AC2: 0.010038588 | AD2: 0.010128837 | AE2: 0.010218981 | AF2: 0.010309281 | AG2: 0.010399669 | AH2: 0.010489346 | AI2: 0.010582267 | AJ2: 0.010679647 | AK2: 0.010778244 | AL2: 0.010877545 | AM2: 0.010982349 | AN2: 0.016362902 | AO2: 0.016472752 | AP2: 0.016578748 | AQ2: 0.016681587 | AR2: 0.016785032 | AS2: 0.01688912 | AT2: 0.016994444 | AU2: 0.017102673 | AV2: 0.017211564 | AW2: 0.017305991 | AX2: 0.01740418 | AY2: 0.017507571 | AZ2: 0.017610263 | BA2: 0.017711681 | BB2: 0.017808128 | BC2: 0.017900909 | BD2: 0.018244356 | BE2: 0.018251863 | BF2: 0.018253261 | BG2: 0.018252709 | BH2: 0.018249491 | BI2: 0.018250625 | BJ2: 0.01825395 | BK2: 0.018258566 | BL2: 0.018259745 | BM2: 0.0182572 | BN2: 0.018266633 | BO2: 0.018275938 | BP2: 0.018281307 | BQ2: 0.018287142 | BR2: 0.018293142 | BS2: 0.01829883 | BT2: 0.018305836 | BU2: 0.018314106 | BV2: 0.018324439 | BW2: 0.018334384 | BX2: 0.018343181 | BY2: 0.018347499 | BZ2: 0.018351762 | CA2: 0.018364661 | CB2: 0.018377164 | CC2: 0.018389357 | CD2: 0.018409718 | CE2: 0.018425294 | CF2: 0.018432652 | CG2: 0.01844899 | CH2: 0.018464212 | CI2: 0.018466807 | CJ2: 0.018478797 | CK2: 0.018495527 | CL2: 0.01848787 | CM2: 0.01847878 | CN2: 0.018468013 | CO2: 0.018460492 | CP2: 0.018450245 | CQ2: 0.018432139 | CR2: 0.018404306 | CS2: 0.018369358 | CT2: 0.018312994 | CU2: 0.018243296 | CV2: 0.018162687 | CW2: 0.01806449 | CX2: 0.017940508 | CY2: 0.01777701 | CZ2: 0.01760969 | DA2: 0.017444943 | DB2: 0.017291822 | DC2: 0.017143256 | DD2: 0.016998102 | DE2: 0.016864898 | DF2: 0.01673283 | DG2: 0.016601852 | DH2: 0.016481917 | DI2: 0.01636757 | DJ2: 0.016261678 | DK2: 0.016163425 | DL2: 0.016072909 | DM2: 0.016003853 | DN2: 0.015942612 | DO2: 0.015887578 | DP2: 0.015856595 | DQ2: 0.015826215 | DR2: 0.015796452 | DS2: 0.015788654 | DT2: 0.015789428 | DU2: 0.014055647 | DV2: 0.013774194 | DW2: 0.013473541 | DX2: 0.013164799 | DY2: 0.012847296 | DZ2: 0.012526242 | EA2: 0.012204408 | EB2: 0.011881784 | EC2: 0.011545449 | ED2: 0.011204748 | EE2: 0.010860392 | EF2: 0.010532757 | EG2: 0.010212085 | EH2: 0.0098936706 | EI2: 0.0095724869 | EJ2: 0.0092496144 | EK2: 0.0089268385 | EL2: 0.0085844235 | EM2: 0.0082245869 | EN2: 0.0078501679 | EO2: 0.0074890647 | EP2: 0.0071452948 | EQ2: 0.006849693 | ER2: 0.0065916526 | ES2: 0.006392306 | ET2: 0.0062184651 | EU2: 0.0060576627 | EV2: 0.0059158256 | EW2: 0.0058004598 | EX2: 0.0057009371 | EY2: 0.005625987 | EZ2: 0.0055598961 | FA2: 0.0055009724 | FB2: 0.0054618975 | FC2: 0.0054243232 | FD2: 0.0053879734 | FE2: 0.0053509205 | FF2: 0.0053160918 | FG2: 0.0052837703 | FH2: 0.0052592906 | FI2: 0.0052325725 | FJ2: 0.0052014272 | FK2: 0.0051790125 | FL2: 0.0051557284 | FM2: 0.005127087 | FN2: 0.0054697559 | FO2: 0.0053994088 | FP2: 0.0053218187 | FQ2: 0.0052193017 | FR2: 0.0050999696 | FS2: 0.0049873712 | FT2: 0.004856806 | FU2: 0.0047119301 | FV2: 0.0045797664 | FW2: 0.0044402761 | FX2: 0.0042937443 | FY2: 0.0041788139 | FZ2: 0.0040661527 | GA2: 0.0039556039 | GB2: 0.0038633566 | GC2: 0.0037805969 | GD2: 0.0037089424 | GE2: 0.0036445982 | GF2: 0.0035887667 | GG2: 0.0035442703 | GH2: 0.0034930135 | GI2: 0.0034533581 | GJ2: 0.0034339942 | GK2: 0.0033884689 | GL2: 0.0033488382 | GM2: 0.0033289173 | GN2: 0.0032956858 | GO2: 0.0032667883 | GP2: 0.003253606 | GQ2: 0.0032253319 | GR2: 0.0031951839 | GS2: 0.0031699236 | GT2: 0.0031503974 | GU2: 0.0031304807 | GV2: 0.0031042518 | GW2: 0.0030675615 | GX2: 0.0030327941 | GY2: 0.0030167689 | GZ2: 0.0029921991 | HA2: 0.002965032 | HB2: 0.0029414084 | HC2: 0.0029286824 | HD2: 0.0029157872 | HE2: 0.0028781403 | HF2: 0.0028599836 | HG2: 0.002851979 | HH2: 0.002844607 | HI2: 0.0028172402 | HJ2: 0.0027811513 | HK2: 0.0027672164 | HL2: 0.0027392471 | HM2: =((DW2/LY2)/(BA2/DX2))^0.3*(CA2/IB2)/(BA2/CA2) -> 1.3894814 | HN2: 0.016328402 | HO2: 0.016445644 | HP2: 0.016548875 | HQ2: 0.016630692 | HR2: 0.016697921 | HS2: 0.016753271 | HT2: 0.016785227 | HU2: 0.016790913 | HV2: 0.016780916 | HW2: 0.01673996 | HX2: 0.016679376 | HY2: 0.016604138 | HZ2: 0.016496191 | IA2: 0.016374035 | IB2: 0.016236637 | IC2: 0.016070882 | ID2: 0.015895696 | IE2: 0.015708115 | IF2: 0.015503257 | IG2: 0.015291176 | IH2: 0.015070363 | II2: 0.014837708 | IJ2: 0.014595851 | IK2: 0.014330138 | IL2: 0.014055647 | IM2: 0.013774194 | IN2: 0.0089268385 | IO2: 0.0085844235 | IP2: 0.0082245869 | IQ2: 0.0078501679 | IR2: 0.0074890647 | IS2: 0.0071452948 | IT2: 0.006849693 | IU2: 0.0065916526 | IV2: 0.006392306 | IW2: 0.0062184651 | IX2: 0.0060576627 | IY2: 0.0059158256 | IZ2: 0.0058004598 | JA2: 0.0057009371 | JB2: 0.005625987 | JC2: 0.0055598961 | JD2: 0.0055009724 | JE2: 0.0054618975 | JF2: 0.0054243232 | JG2: 0.0053879734 | JH2: 0.0053509205 | JI2: 0.0053160918 | JJ2: 0.0052837703 | JK2: 0.0052592906 | JL2: 0.0052325725 | JM2: 0.0052014272 | JN2: 0.0051790125 | JO2: 0.0051557284 | JP2: 0.005127087 | JQ2: 0.0051078466 | JR2: 0.0050959238 | JS2: 0.0050987773 | JT2: 0.0051408937 | JU2: 0.0051902742 | JV2: 0.0051968225 | JW2: 0.0051846405 | JX2: 0.0051592846 | JY2: 0.0051143552 | JZ2: 0.0050623223 | KA2: 0.0050058825 | KB2: 0.0049802378 | KC2: 0.0049552429 | KD2: 0.0049308961 | KE2: 0.0049289848 | KF2: 0.0049262387 | KG2: 0.0049215477 | KH2: 0.0049291945 | KI2: 0.0049382823 | KJ2: 0.0049474854 | KK2: 0.0049573491 | KL2: 0.0049680315 | KM2: 0.0049802575 | KN2: 0.0049953079 | KO2: 0.0050116557 | KP2: 0.005029504 | KQ2: 0.0050496071 | KR2: 0.0050718494 | KS2: 0.0050994299 | KT2: 0.0051272449 | KU2: 0.0051553104 | KV2: 0.0051842053 | KW2: 0.0052196476 | KX2: 0.0052585002 | KY2: 0.0052895097 | KZ2: 0.005321453 | LA2: 0.0053540416 | LB2: 0.0053837658 | LC2: 0.0054198682 | LD2: 0.0054620988 | LE2: 0.0054971376 | LF2: 0.0055341632 | LG2: 0.0055736932 | LH2: 0.0056071842 | LI2: 0.0056402007 | LJ2: 0.0056731883 | LK2: 0.005707171 | LL2: 0.0057355773 | LM2: 0.0057538289 | LN2: 0.0057683351 | LO2: 0.0057810459 | LP2: 0.0057914574 | LQ2: 0.0058012569 | LR2: 0.0058043103 | LS2: 0.0057895639 | LT2: 0.0057859361 | LU2: 0.0057812235 | LV2: 0.005760472 | LW2: 0.0057387589 | LX2: 0.0057160274 | LY2: 0.0056906287 | LZ2: 0.005650606 | MA2: 0.0056008994 | MB2: 0.0055371129 | MC2: 0.0054697559 | MD2: 0.0053994088 | ME2: 0.0053218187 | MF2: 0.0052193017 | MG2: 0.0050999696 | MH2: 0.0049873712 | MI2: 0.004856806 | MJ2: 0.0047119301 | MK2: 0.0045797664 | ML2: 0.0044402761 | MM2: 0.0042937443 | MN2: 0.0041788139 | MO2: 0.0040661527 | MP2: 0.0039556039 | MQ2: 0.0038633566 | MR2: 0.0037805969 | MS2: 0.0037089424 | MT2: 0.0036445982 | MU2: 0.0035887667 | MV2: 0.0035442703 | MW2: 0.0034930135 | MX2: 0.0034533581 | MY2: 0.0034339942 | MZ2: 0.0033884689 | NA2: 0.0033488382 | NB2: 0.0033289173 | NC2: 0.0032956858 | ND2: 0.0032667883 | NE2: 0.003253606 | NF2: 0.0032253319 | NG2: 0.0031951839 | NH2: 0.0031699236 | NI2: 0.0031503974 | NJ2: 0.0031304807 | NK2: 0.0031042518 | NL2: 0.0030675615 | NM2: 0.0030327941 | NN2: 0.0030167689 | NO2: 0.0029921991 | NP2: 0.002965032 | NQ2: 0.0029414084 | NR2: 0.0029286824 | NS2: 0.0029157872 | NT2: 0.0028781403 | NU2: 0.0028599836 | NV2: 0.002851979 | NW2: 0.002844607 | NX2: 0.0028172402 | NY2: 0.0027811513 | NZ2: 0.0027672164 | OA2: 0.0027392471 | OB2: 0.0027054721 | OC2: 0.0027001983 | OD2: 0.0026854159 | OE2: 0.0026643851 | OF2: 0.0026481286 | OG2: 0.0026305998 | OH2: 0.0026115405 | OI2: 0.0025824006 | OJ2: 0.0025655461 | OK2: 0.0025585236 | OL2: 0.0025310251 | OM2: 0.0025061552 | ON2: 0.0024838096 | OO2: 0.0024711625 | OP2: 0.0024617233 | OQ2: 0.0024554916 | OR2: 0.0024198639 | OS2: 0.0024007818 | OT2: 0.0023999456 | OU2: 0.0023754472 | OV2: 0.0023605313 | OW2: 0.0023577235 | OX2: 0.0023463231 | OY2: 0.0023354326 | OZ2: 0.0023257668 | PA2: 0.0023285635 | PB2: 0.0023312038 | PC2: 0.0023323326 | PD2: 0.0023458144 | PE2: 0.0023454689 | PF2: =(BY2^2)^$PH$3/(IE2^$PH$2*BA2^$PH$5)^$PH$4 -> 1.2424155 | PH2: 1.1381296 | PI2: 2.1981822
A3: WMS05 | B3: 36 | C3: 0.0049414187 | D3: 0.017740589 | E3: 0.017487914 | F3: 0.017636566 | G3: 0.0049603894 | H3: 0.002529406 | I3: 0.0079841659 | J3: 0.0080528764 | K3: 0.0081222339 | L3: 0.0081901584 | M3: 0.00825627 | N3: 0.0083243648 | O3: 0.0083950985 | P3: 0.008468153 | Q3: 0.0085424309 | R3: 0.0086181662 | S3: 0.0086934251 | T3: 0.0087675067 | U3: 0.0088432826 | V3: 0.0089204412 | W3: 0.0089991037 | X3: 0.0090827819 | Y3: 0.0091701781 | Z3: 0.0092637026 | AA3: 0.0093486177 | AB3: 0.0094252594 | AC3: 0.0095037426 | AD3: 0.0095873196 | AE3: 0.0096804293 | AF3: 0.0097706311 | AG3: 0.0098584209 | AH3: 0.0099432265 | AI3: 0.010032396 | AJ3: 0.01013092 | AK3: 0.010226442 | AL3: 0.010319876 | AM3: 0.010424722 | AN3: 0.01575482 | AO3: 0.015856069 | AP3: 0.015960821 | AQ3: 0.016068434 | AR3: 0.01617272 | AS3: 0.016275362 | AT3: 0.016374709 | AU3: 0.01647509 | AV3: 0.016576371 | AW3: 0.016685216 | AX3: 0.016789953 | AY3: 0.016889021 | AZ3: 0.016985204 | BA3: 0.017081083 | BB3: 0.017178893 | BC3: 0.017272806 | BD3: 0.017411945 | BE3: 0.017424353 | BF3: 0.017427901 | BG3: 0.017432555 | BH3: 0.017443459 | BI3: 0.01744881 | BJ3: 0.017451729 | BK3: 0.017456384 | BL3: 0.017464111 | BM3: 0.017475166 | BN3: 0.017478332 | BO3: 0.017479165 | BP3: 0.017476672 | BQ3: 0.017479886 | BR3: 0.017485964 | BS3: 0.017495818 | BT3: 0.017500966 | BU3: 0.017501589 | BV3: 0.017507977 | BW3: 0.017515553 | BX3: 0.017524524 | BY3: 0.017536248 | BZ3: 0.017548934 | CA3: 0.017561614 | CB3: 0.017572514 | CC3: 0.017582014 | CD3: 0.017592521 | CE3: 0.017604815 | CF3: 0.017619977 | CG3: 0.017625651 | CH3: 0.017629129 | CI3: 0.017633292 | CJ3: 0.017638928 | CK3: 0.017644918 | CL3: 0.017637769 | CM3: 0.017631555 | CN3: 0.017626443 | CO3: 0.017613044 | CP3: 0.017595333 | CQ3: 0.017570098 | CR3: 0.017542318 | CS3: 0.017510278 | CT3: 0.017456314 | CU3: 0.017389683 | CV3: 0.017312689 | CW3: 0.01719631 | CX3: 0.017079065 | CY3: 0.016962333 | CZ3: 0.016822489 | DA3: 0.016677932 | DB3: 0.016535754 | DC3: 0.016401298 | DD3: 0.01627069 | DE3: 0.016138298 | DF3: 0.01601586 | DG3: 0.015902985 | DH3: 0.015796432 | DI3: 0.015691626 | DJ3: 0.015589077 | DK3: 0.015503413 | DL3: 0.015424825 | DM3: 0.015355966 | DN3: 0.015300326 | DO3: 0.015252583 | DP3: 0.015210965 | DQ3: 0.015179235 | DR3: 0.015157407 | DS3: 0.015144527 | DT3: 0.015138841 | DU3: 0.01324537 | DV3: 0.012970124 | DW3: 0.012674302 | DX3: 0.012374981 | DY3: 0.01207187 | DZ3: 0.011750952 | EA3: 0.011431884 | EB3: 0.011118614 | EC3: 0.010805709 | ED3: 0.010490831 | EE3: 0.010170409 | EF3: 0.0098500888 | EG3: 0.0095329881 | EH3: 0.0092314245 | EI3: 0.0089303194 | EJ3: 0.0086285327 | EK3: 0.008315676 | EL3: 0.0079925222 | EM3: 0.0076602313 | EN3: 0.0073195405 | EO3: 0.0069878862 | EP3: 0.0066679579 | EQ3: 0.0063884562 | ER3: 0.006140103 | ES3: 0.0059403109 | ET3: 0.0057791452 | EU3: 0.0056329734 | EV3: 0.0055019958 | EW3: 0.0053961438 | EX3: 0.0053053612 | EY3: 0.0052380573 | EZ3: 0.0051802878 | FA3: 0.0051292342 | FB3: 0.0050894593 | FC3: 0.0050529131 | FD3: 0.0050190511 | FE3: 0.0049890166 | FF3: 0.0049599684 | FG3: 0.0049320315 | FH3: 0.0049101847 | FI3: 0.0048873632 | FJ3: 0.0048622973 | FK3: 0.0048379565 | FL3: 0.0048142582 | FM3: 0.0047917124 | FN3: 0.0051593682 | FO3: 0.0050925755 | FP3: 0.0050120616 | FQ3: 0.0049253504 | FR3: 0.0048325253 | FS3: 0.0047156849 | FT3: 0.0045962438 | FU3: 0.0044743847 | FV3: 0.004343276 | FW3: 0.0042107392 | FX3: 0.004076828 | FY3: 0.0039595241 | FZ3: 0.0038542737 | GA3: 0.0037618994 | GB3: 0.0036791087 | GC3: 0.0036028598 | GD3: 0.0035344291 | GE3: 0.0034797318 | GF3: 0.0034290233 | GG3: 0.0033823364 | GH3: 0.0033462582 | GI3: 0.0033092103 | GJ3: 0.0032684405 | GK3: 0.0032446817 | GL3: 0.0032227971 | GM3: 0.0031991747 | GN3: 0.0031671334 | GO3: 0.0031383956 | GP3: 0.0031208493 | GQ3: 0.0030982007 | GR3: 0.0030741718 | GS3: 0.0030498782 | GT3: 0.003025582 | GU3: 0.003006493 | GV3: 0.0030030256 | GW3: 0.002979443 | GX3: 0.0029510269 | GY3: 0.0029300889 | GZ3: 0.0029164473 | HA3: 0.0029006153 | HB3: 0.0028640738 | HC3: 0.002840611 | HD3: 0.0028240391 | HE3: 0.0028124005 | HF3: 0.0028011711 | HG3: 0.0027885695 | HH3: 0.0027669972 | HI3: 0.0027512015 | HJ3: 0.0027376095 | HK3: 0.0027152985 | HL3: 0.0026948154 | HM3: =((DW3/LY3)/(BA3/DX3))^0.3*(CA3/IB3)/(BA3/CA3) -> 1.3772029 | HN3: 0.015587108 | HO3: 0.015711139 | HP3: 0.015821351 | HQ3: 0.015908593 | HR3: 0.015980307 | HS3: 0.016035531 | HT3: 0.016055965 | HU3: 0.016045889 | HV3: 0.016019283 | HW3: 0.015966276 | HX3: 0.015892128 | HY3: 0.015802376 | HZ3: 0.015683181 | IA3: 0.015556337 | IB3: 0.015421356 | IC3: 0.015255854 | ID3: 0.015081788 | IE3: 0.014897198 | IF3: 0.014697181 | IG3: 0.014486136 | IH3: 0.014253559 | II3: 0.014016183 | IJ3: 0.013773793 | IK3: 0.013513823 | IL3: 0.01324537 | IM3: 0.012970124 | IN3: 0.008315676 | IO3: 0.0079925222 | IP3: 0.0076602313 | IQ3: 0.0073195405 | IR3: 0.0069878862 | IS3: 0.0066679579 | IT3: 0.0063884562 | IU3: 0.006140103 | IV3: 0.0059403109 | IW3: 0.0057791452 | IX3: 0.0056329734 | IY3: 0.0055019958 | IZ3: 0.0053961438 | JA3: 0.0053053612 | JB3: 0.0052380573 | JC3: 0.0051802878 | JD3: 0.0051292342 | JE3: 0.0050894593 | JF3: 0.0050529131 | JG3: 0.0050190511 | JH3: 0.0049890166 | JI3: 0.0049599684 | JJ3: 0.0049320315 | JK3: 0.0049101847 | JL3: 0.0048873632 | JM3: 0.0048622973 | JN3: 0.0048379565 | JO3: 0.0048142582 | JP3: 0.0047917124 | JQ3: 0.0047703237 | JR3: 0.0047495004 | JS3: 0.0047294351 | JT3: 0.0047328443 | JU3: 0.0047485649 | JV3: 0.0047775826 | JW3: 0.0047875679 | JX3: 0.0047851458 | JY3: 0.004771646 | JZ3: 0.00475082 | KA3: 0.0047246133 | KB3: 0.0047031501 | KC3: 0.0046820224 | KD3: 0.0046612288 | KE3: 0.0046542523 | KF3: 0.0046475745 | KG3: 0.0046407335 | KH3: 0.0046431491 | KI3: 0.0046475973 | KJ3: 0.004653751 | KK3: 0.004662138 | KL3: 0.004672194 | KM3: 0.0046850194 | KN3: 0.004698931 | KO3: 0.0047146528 | KP3: 0.0047348844 | KQ3: 0.0047571862 | KR3: 0.0047809484 | KS3: 0.0048074623 | KT3: 0.0048322028 | KU3: 0.0048566423 | KV3: 0.004884599 | KW3: 0.004910282 | KX3: 0.0049355746 | KY3: 0.0049716179 | KZ3: 0.0050069244 | LA3: 0.0050416694 | LB3: 0.0050769816 | LC3: 0.0051163621 | LD3: 0.0051596512 | LE3: 0.0051897128 | LF3: 0.0052192867 | LG3: 0.005248605 | LH3: 0.0052834136 | LI3: 0.0053172782 | LJ3: 0.0053491896 | LK3: 0.0053737981 | LL3: 0.0053959583 | LM3: 0.0054155366 | LN3: 0.0054343848 | LO3: 0.0054499657 | LP3: 0.005458899 | LQ3: 0.0054692316 | LR3: 0.0054747843 | LS3: 0.0054664077 | LT3: 0.0054570618 | LU3: 0.005445772 | LV3: 0.0054290564 | LW3: 0.0054077774 | LX3: 0.0053819662 | LY3: 0.0053447797 | LZ3: 0.0053069909 | MA3: 0.0052672951 | MB3: 0.0052184522 | MC3: 0.0051593682 | MD3: 0.0050925755 | ME3: 0.0050120616 | MF3: 0.0049253504 | MG3: 0.0048325253 | MH3: 0.0047156849 | MI3: 0.0045962438 | MJ3: 0.0044743847 | MK3: 0.004343276 | ML3: 0.0042107392 | MM3: 0.004076828 | MN3: 0.0039595241 | MO3: 0.0038542737 | MP3: 0.0037618994 | MQ3: 0.0036791087 | MR3: 0.0036028598 | MS3: 0.0035344291 | MT3: 0.0034797318 | MU3: 0.0034290233 | MV3: 0.0033823364 | MW3: 0.0033462582 | MX3: 0.0033092103 | MY3: 0.0032684405 | MZ3: 0.0032446817 | NA3: 0.0032227971 | NB3: 0.0031991747 | NC3: 0.0031671334 | ND3: 0.0031383956 | NE3: 0.0031208493 | NF3: 0.0030982007 | NG3: 0.0030741718 | NH3: 0.0030498782 | NI3: 0.003025582 | NJ3: 0.003006493 | NK3: 0.0030030256 | NL3: 0.002979443 | NM3: 0.0029510269 | NN3: 0.0029300889 | NO3: 0.0029164473 | NP3: 0.0029006153 | NQ3: 0.0028640738 | NR3: 0.002840611 | NS3: 0.0028240391 | NT3: 0.0028124005 | NU3: 0.0028011711 | NV3: 0.0027885695 | NW3: 0.0027669972 | NX3: 0.0027512015 | NY3: 0.0027376095 | NZ3: 0.0027152985 | OA3: 0.0026948154 | OB3: 0.0026760483 | OC3: 0.0026622046 | OD3: 0.0026485145 | OE3: 0.002634335 | OF3: 0.0026122357 | OG3: 0.0025981841 | OH3: 0.0025899842 | OI3: 0.0025728259 | OJ3: 0.0025522871 | OK3: 0.0025292918 | OL3: 0.0025199928 | OM3: 0.002505436 | ON3: 0.002486113 | OO3: 0.0024754236 | OP3: 0.0024591151 | OQ3: 0.0024371873 | OR3: 0.0024335224 | OS3: 0.0024222285 | OT3: 0.00240247 | OU3: 0.0024001623 | OV3: 0.00239131 | OW3: 0.0023741415 | OX3: 0.0023672221 | OY3: 0.0023555939 | OZ3: 0.0023372861 | PA3: 0.002344019 | PB3: 0.0023454012 | PC3: 0.0023367917 | PD3: 0.0023239034 | PE3: 0.0023170604 | PF3: =(BY3^2)^$PH$3/(IE3^$PH$2*BA3^$PH$5)^$PH$4 -> 1.2302193 | PH3: 5.4705563 | PI3: 3.8653797
A4: WMS06 | B4: 35 | C4: 0.003884329 | D4: 0.015437307 | E4: 0.01506247 | F4: 0.015125859 | G4: 0.0039745543 | H4: 0.0020589562 | I4: 0.0067610907 | J4: 0.0068225202 | K4: 0.006874857 | L4: 0.0069309254 | M4: 0.0069917485 | N4: 0.0070526354 | O4: 0.0071144901 | P4: 0.0071786168 | Q4: 0.0072423767 | R4: 0.0073057132 | S4: 0.0073701678 | T4: 0.0074337829 | U4: 0.007493622 | V4: 0.0075608066 | W4: 0.0076359518 | X4: 0.0077201099 | Y4: 0.0078062364 | Z4: 0.0078902468 | AA4: 0.0079650624 | AB4: 0.0080310432 | AC4: 0.0081055406 | AD4: 0.0081830922 | AE4: 0.0082634631 | AF4: 0.0083426418 | AG4: 0.0084208336 | AH4: 0.0084950301 | AI4: 0.0085720193 | AJ4: 0.0086566361 | AK4: 0.0087383031 | AL4: 0.0088179726 | AM4: 0.0089129073 | AN4: 0.013637118 | AO4: 0.013725103 | AP4: 0.01381816 | AQ4: 0.013915363 | AR4: 0.014007648 | AS4: 0.014097445 | AT4: 0.014182329 | AU4: 0.014273214 | AV4: 0.014367819 | AW4: 0.014477038 | AX4: 0.014577336 | AY4: 0.014665319 | AZ4: 0.014752532 | BA4: 0.014839093 | BB4: 0.014923588 | BC4: 0.015010192 | BD4: 0.014997698 | BE4: 0.015004878 | BF4: 0.015007747 | BG4: 0.015012486 | BH4: 0.015023687 | BI4: 0.015028263 | BJ4: 0.015030133 | BK4: 0.015036375 | BL4: 0.015044175 | BM4: 0.015053664 | BN4: 0.015053166 | BO4: 0.015049795 | BP4: 0.015042413 | BQ4: 0.015041048 | BR4: 0.015042748 | BS4: 0.015048836 | BT4: 0.015048426 | BU4: 0.015041771 | BV4: 0.015042861 | BW4: 0.015045004 | BX4: 0.015047918 | BY4: 0.015057123 | BZ4: 0.015068294 | CA4: 0.015078095 | CB4: 0.015084774 | CC4: 0.015088999 | CD4: 0.015095858 | CE4: 0.01510491 | CF4: 0.01511741 | CG4: 0.015119124 | CH4: 0.015118598 | CI4: 0.015119816 | CJ4: 0.015124884 | CK4: 0.015131753 | CL4: 0.015125243 | CM4: 0.01511788 | CN4: 0.015109521 | CO4: 0.015092268 | CP4: 0.015072513 | CQ4: 0.015049888 | CR4: 0.015026249 | CS4: 0.014999105 | CT4: 0.01495092 | CU4: 0.014887 | CV4: 0.014810206 | CW4: 0.014699938 | CX4: 0.014593662 | CY4: 0.014495213 | CZ4: 0.014371612 | DA4: 0.014241774 | DB4: 0.014110818 | DC4: 0.013985187 | DD4: 0.013862506 | DE4: 0.013741926 | DF4: 0.013629503 | DG4: 0.013524918 | DH4: 0.01342716 | DI4: 0.013331156 | DJ4: 0.013237353 | DK4: 0.01315841 | DL4: 0.013086079 | DM4: 0.01302376 | DN4: 0.012974122 | DO4: 0.012931827 | DP4: 0.012892348 | DQ4: 0.012864611 | DR4: 0.01284863 | DS4: 0.012840221 | DT4: 0.012837194 | DU4: 0.011150468 | DV4: 0.010892859 | DW4: 0.0106202 | DX4: 0.010345747 | DY4: 0.010069354 | DZ4: 0.0097724778 | EA4: 0.0094784838 | EB4: 0.0091924416 | EC4: 0.0089130959 | ED4: 0.0086368125 | EE4: 0.0083648456 | EF4: 0.008089096 | EG4: 0.0078156439 | EH4: 0.0075606043 | EI4: 0.0073022399 | EJ4: 0.0070413265 | EK4: 0.0067745336 | EL4: 0.0065013144 | EM4: 0.0062223908 | EN4: 0.0059307954 | EO4: 0.005648208 | EP4: 0.0053774213 | EQ4: 0.0051238875 | ER4: 0.0048972428 | ES4: 0.0047165679 | ET4: 0.0045922506 | EU4: 0.00449248 | EV4: 0.004422476 | EW4: 0.0043394657 | EX4: 0.004256572 | EY4: 0.0042001942 | EZ4: 0.0041547157 | FA4: 0.0041158856 | FB4: 0.0040795453 | FC4: 0.00404936 | FD4: 0.0040242062 | FE4: 0.0039982569 | FF4: 0.0039741339 | FG4: 0.0039520694 | FH4: 0.0039335913 | FI4: 0.0039151448 | FJ4: 0.0038963226 | FK4: 0.0038759608 | FL4: 0.0038545977 | FM4: 0.0038316177 | FN4: 0.0041607034 | FO4: 0.0040996759 | FP4: 0.0040399427 | FQ4: 0.0039650482 | FR4: 0.0038794873 | FS4: 0.0037921872 | FT4: 0.003692453 | FU4: 0.0035829684 | FV4: 0.0034872886 | FW4: 0.0033830074 | FX4: 0.0032704597 | FY4: 0.0031740516 | FZ4: 0.0030867953 | GA4: 0.0030092766 | GB4: 0.0029447495 | GC4: 0.002883746 | GD4: 0.0028265387 | GE4: 0.0027875268 | GF4: 0.0027489248 | GG4: 0.0027086361 | GH4: 0.0026813993 | GI4: 0.0026587885 | GJ4: 0.0026410931 | GK4: 0.0026147454 | GL4: 0.0025879742 | GM4: 0.0025631149 | GN4: 0.0025500974 | GO4: 0.002535528 | GP4: 0.0025121066 | GQ4: 0.002494641 | GR4: 0.0024780307 | GS4: 0.0024597952 | GT4: 0.0024488274 | GU4: 0.0024396863 | GV4: 0.0024295108 | GW4: 0.0024040665 | GX4: 0.0023750531 | GY4: 0.0023520498 | GZ4: 0.0023387043 | HA4: 0.0023269651 | HB4: 0.002305844 | HC4: 0.0022909525 | HD4: 0.0022789076 | HE4: 0.0022670754 | HF4: 0.0022522358 | HG4: 0.0022376298 | HH4: 0.0022331264 | HI4: 0.0022200046 | HJ4: 0.0022021619 | HK4: 0.0021868178 | HL4: 0.0021717336 | HM4: =((DW4/LY4)/(BA4/DX4))^0.3*(CA4/IB4)/(BA4/CA4) -> 1.3823084 | HN4: 0.013217272 | HO4: 0.013332669 | HP4: 0.013432463 | HQ4: 0.013506093 | HR4: 0.013573373 | HS4: 0.013625032 | HT4: 0.013639647 | HU4: 0.013625307 | HV4: 0.013595878 | HW4: 0.013544787 | HX4: 0.013474039 | HY4: 0.013388802 | HZ4: 0.013276741 | IA4: 0.013158537 | IB4: 0.013033827 | IC4: 0.012885031 | ID4: 0.012728367 | IE4: 0.012561424 | IF4: 0.012411137 | IG4: 0.012259538 | IH4: 0.0120915 | II4: 0.011880835 | IJ4: 0.011648771 | IK4: 0.011402879 | IL4: 0.011150468 | IM4: 0.010892859 | IN4: 0.0067745336 | IO4: 0.0065013144 | IP4: 0.0062223908 | IQ4: 0.0059307954 | IR4: 0.005648208 | IS4: 0.0053774213 | IT4: 0.0051238875 | IU4: 0.0048972428 | IV4: 0.0047165679 | IW4: 0.0045922506 | IX4: 0.00449248 | IY4: 0.004422476 | IZ4: 0.0043394657 | JA4: 0.004256572 | JB4: 0.0042001942 | JC4: 0.0041547157 | JD4: 0.0041158856 | JE4: 0.0040795453 | JF4: 0.00404936 | JG4: 0.0040242062 | JH4: 0.0039982569 | JI4: 0.0039741339 | JJ4: 0.0039520694 | JK4: 0.0039335913 | JL4: 0.0039151448 | JM4: 0.0038963226 | JN4: 0.0038759608 | JO4: 0.0038545977 | JP4: 0.0038316177 | JQ4: 0.0038154887 | JR4: 0.0037981451 | JS4: 0.0037708377 | JT4: 0.003777329 | JU4: 0.0037999446 | JV4: 0.0038338839 | JW4: 0.0038340451 | JX4: 0.0038153899 | JY4: 0.0038059179 | JZ4: 0.0037886409 | KA4: 0.0037656392 | KB4: 0.003747933 | KC4: 0.0037304989 | KD4: 0.0037133351 | KE4: 0.0037068582 | KF4: 0.003703703 | KG4: 0.0037043554 | KH4: 0.0037067442 | KI4: 0.0037122221 | KJ4: 0.0037226274 | KK4: 0.0037279352 | KL4: 0.0037345138 | KM4: 0.0037460832 | KN4: 0.0037629018 | KO4: 0.0037796151 | KP4: 0.0037915692 | KQ4: 0.0038082448 | KR4: 0.0038279876 | KS4: 0.0038529367 | KT4: 0.0038709252 | KU4: 0.0038878368 | KV4: 0.0039191933 | KW4: 0.0039482242 | KX4: 0.0039754607 | KY4: 0.0039995867 | KZ4: 0.0040217888 | LA4: 0.0040430272 | LB4: 0.0040819774 | LC4: 0.0041180326 | LD4: 0.0041513062 | LE4: 0.0041778039 | LF4: 0.004203895 | LG4: 0.0042296709 | LH4: 0.0042597423 | LI4: 0.0042879173 | LJ4: 0.0043128978 | LK4: 0.0043383445 | LL4: 0.0043602377 | LM4: 0.0043757004 | LN4: 0.0043943537 | LO4: 0.0044104703 | LP4: 0.0044199051 | LQ4: 0.0044238042 | LR4: 0.004425654 | LS4: 0.0044259422 | LT4: 0.0044124739 | LU4: 0.0043959591 | LV4: 0.0043845962 | LW4: 0.0043636027 | LX4: 0.0043386673 | LY4: 0.0043136957 | LZ4: 0.0042864446 | MA4: 0.0042561054 | MB4: 0.0042146071 | MC4: 0.0041607034 | MD4: 0.0040996759 | ME4: 0.0040399427 | MF4: 0.0039650482 | MG4: 0.0038794873 | MH4: 0.0037921872 | MI4: 0.003692453 | MJ4: 0.0035829684 | MK4: 0.0034872886 | ML4: 0.0033830074 | MM4: 0.0032704597 | MN4: 0.0031740516 | MO4: 0.0030867953 | MP4: 0.0030092766 | MQ4: 0.0029447495 | MR4: 0.002883746 | MS4: 0.0028265387 | MT4: 0.0027875268 | MU4: 0.0027489248 | MV4: 0.0027086361 | MW4: 0.0026813993 | MX4: 0.0026587885 | MY4: 0.0026410931 | MZ4: 0.0026147454 | NA4: 0.0025879742 | NB4: 0.0025631149 | NC4: 0.0025500974 | ND4: 0.002535528 | NE4: 0.0025121066 | NF4: 0.002494641 | NG4: 0.0024780307 | NH4: 0.0024597952 | NI4: 0.0024488274 | NJ4: 0.0024396863 | NK4: 0.0024295108 | NL4: 0.0024040665 | NM4: 0.0023750531 | NN4: 0.0023520498 | NO4: 0.0023387043 | NP4: 0.0023269651 | NQ4: 0.002305844 | NR4: 0.0022909525 | NS4: 0.0022789076 | NT4: 0.0022670754 | NU4: 0.0022522358 | NV4: 0.0022376298 | NW4: 0.0022331264 | NX4: 0.0022200046 | NY4: 0.0022021619 | NZ4: 0.0021868178 | OA4: 0.0021717336 | OB4: 0.0021571685 | OC4: 0.0021457769 | OD4: 0.0021325857 | OE4: 0.0021190787 | OF4: 0.0021179942 | OG4: 0.0021111817 | OH4: 0.0020995024 | OI4: 0.0020808716 | OJ4: 0.002067757 | OK4: 0.002058842 | OL4: 0.0020337878 | OM4: 0.0020243222 | ON4: 0.0020288908 | OO4: 0.0019982929 | OP4: 0.0019868183 | OQ4: 0.0019944668 | OR4: 0.0019784879 | OS4: 0.0019654114 | OT4: 0.0019557379 | OU4: 0.0019472434 | OV4: 0.0019412972 | OW4: 0.0019382996 | OX4: 0.0019291912 | OY4: 0.0019285289 | OZ4: 0.0019390254 | PA4: 0.0019205115 | PB4: 0.0019153686 | PC4: 0.0019317058 | PD4: 0.0019282266 | PE4: 0.0019232543 | PF4: =(BY4^2)^$PH$3/(IE4^$PH$2*BA4^$PH$5)^$PH$4 -> 1.2462186 | PH4: 5.0343007 | PI4: 4.1697656
A5: WMS07 | B5: 30 | C5: 0.0041278563 | D5: 0.015919371 | E5: 0.015037478 | F5: 0.015085856 | G5: 0.0037230721 | H5: 0.0020701903 | I5: 0.0069433402 | J5: 0.0070126223 | K5: 0.0070756126 | L5: 0.0071401156 | M5: 0.0072065543 | N5: 0.0072709082 | O5: 0.007337147 | P5: 0.0074050348 | Q5: 0.0074741985 | R5: 0.0075448864 | S5: 0.00761384 | T5: 0.0076804971 | U5: 0.0077460208 | V5: 0.0078163273 | W5: 0.0078918216 | X5: 0.0079736649 | Y5: 0.0080581324 | Z5: 0.0081403036 | AA5: 0.0082165716 | AB5: 0.0082871661 | AC5: 0.0083627375 | AD5: 0.0084433902 | AE5: 0.0085296425 | AF5: 0.0086119848 | AG5: 0.0086910863 | AH5: 0.0087760374 | AI5: 0.0088642756 | AJ5: 0.0089547367 | AK5: 0.0090448797 | AL5: 0.009134699 | AM5: 0.0092284488 | AN5: 0.014122822 | AO5: 0.014212173 | AP5: 0.014304861 | AQ5: 0.014400273 | AR5: 0.014492919 | AS5: 0.014585495 | AT5: 0.01467833 | AU5: 0.014771938 | AV5: 0.014866227 | AW5: 0.014966379 | AX5: 0.015061247 | AY5: 0.015148822 | AZ5: 0.015233146 | BA5: 0.015316765 | BB5: 0.015400913 | BC5: 0.015484668 | BD5: 0.015069489 | BE5: 0.015066963 | BF5: 0.015064194 | BG5: 0.015061391 | BH5: 0.015058595 | BI5: 0.015052661 | BJ5: 0.015045682 | BK5: 0.015043288 | BL5: 0.015039342 | BM5: 0.015033716 | BN5: 0.01502786 | BO5: 0.015023307 | BP5: 0.015022016 | BQ5: 0.015020843 | BR5: 0.015019679 | BS5: 0.015018143 | BT5: 0.015019189 | BU5: 0.015022717 | BV5: 0.015019111 | BW5: 0.01501702 | BX5: 0.015019263 | BY5: 0.015022692 | BZ5: 0.015026755 | CA5: 0.015032078 | CB5: 0.015035973 | CC5: 0.015038748 | CD5: 0.015043878 | CE5: 0.015052829 | CF5: 0.015067897 | CG5: 0.015074544 | CH5: 0.015078398 | CI5: 0.015079685 | CJ5: 0.015081733 | CK5: 0.015083982 | CL5: 0.015079851 | CM5: 0.015074186 | CN5: 0.015066723 | CO5: 0.015047881 | CP5: 0.015025416 | CQ5: 0.014998248 | CR5: 0.014965939 | CS5: 0.014929017 | CT5: 0.014874899 | CU5: 0.014805309 | CV5: 0.014723058 | CW5: 0.014606534 | CX5: 0.014480086 | CY5: 0.014339736 | CZ5: 0.014186868 | DA5: 0.014032086 | DB5: 0.013880733 | DC5: 0.013738203 | DD5: 0.013601147 | DE5: 0.0134745 | DF5: 0.013352039 | DG5: 0.013233601 | DH5: 0.013118562 | DI5: 0.013010552 | DJ5: 0.012914584 | DK5: 0.012824153 | DL5: 0.012738729 | DM5: 0.012666604 | DN5: 0.012604904 | DO5: 0.012550168 | DP5: 0.012510067 | DQ5: 0.012478267 | DR5: 0.012454782 | DS5: 0.012444543 | DT5: 0.012439281 | DU5: 0.010449456 | DV5: 0.010206229 | DW5: 0.009942557 | DX5: 0.0096774226 | DY5: 0.0094107052 | DZ5: 0.0091376851 | EA5: 0.0088662795 | EB5: 0.0085985682 | EC5: 0.0083299677 | ED5: 0.0080598553 | EE5: 0.0077861948 | EF5: 0.0075267775 | EG5: 0.0072749409 | EH5: 0.0070330858 | EI5: 0.0067873488 | EJ5: 0.0065395795 | EK5: 0.0062958015 | EL5: 0.006042789 | EM5: 0.0057815817 | EN5: 0.0055141741 | EO5: 0.0052533614 | EP5: 0.0050011103 | EQ5: 0.004784575 | ER5: 0.0045942306 | ES5: 0.0044443218 | ET5: 0.0043242182 | EU5: 0.0042166564 | EV5: 0.004123587 | EW5: 0.0040472685 | EX5: 0.0039808329 | EY5: 0.0039292543 | EZ5: 0.0038838699 | FA5: 0.0038436864 | FB5: 0.0038192957 | FC5: 0.0037922747 | FD5: 0.0037631841 | FE5: 0.0037418987 | FF5: 0.003722651 | FG5: 0.0037057003 | FH5: 0.0036847324 | FI5: 0.0036645864 | FJ5: 0.0036461963 | FK5: 0.0036291689 | FL5: 0.0036137607 | FM5: 0.0036014291 | FN5: 0.0039027273 | FO5: 0.0038518619 | FP5: 0.0037943642 | FQ5: 0.0037276852 | FR5: 0.0036542934 | FS5: 0.0035764767 | FT5: 0.0034919393 | FU5: 0.0034016941 | FV5: 0.0033048127 | FW5: 0.003213211 | FX5: 0.0031266796 | FY5: 0.0030362091 | FZ5: 0.0029572095 | GA5: 0.0028906796 | GB5: 0.0028326917 | GC5: 0.0027797539 | GD5: 0.002732791 | GE5: 0.0026940632 | GF5: 0.0026594623 | GG5: 0.0026297699 | GH5: 0.0025971536 | GI5: 0.0025693735 | GJ5: 0.0025500733 | GK5: 0.0025351324 | GL5: 0.002519047 | GM5: 0.0024993623 | GN5: 0.0024827451 | GO5: 0.002465274 | GP5: 0.0024445042 | GQ5: 0.0024335042 | GR5: 0.0024215855 | GS5: 0.0024010281 | GT5: 0.0023922618 | GU5: 0.0023843461 | GV5: 0.0023684135 | GW5: 0.0023456473 | GX5: 0.0023251965 | GY5: 0.0023205339 | GZ5: 0.0023047773 | HA5: 0.0022872039 | HB5: 0.0022804611 | HC5: 0.0022622932 | HD5: 0.0022429687 | HE5: 0.0022430368 | HF5: 0.0022354502 | HG5: 0.0022249586 | HH5: 0.0022203509 | HI5: 0.0022068467 | HJ5: 0.0021893005 | HK5: 0.0021804294 | HL5: 0.0021720217 | HM5: =((DW5/LY5)/(BA5/DX5))^0.3*(CA5/IB5)/(BA5/CA5) -> 1.3565646 | HN5: 0.012800346 | HO5: 0.012886954 | HP5: 0.012963236 | HQ5: 0.013023443 | HR5: 0.013064831 | HS5: 0.013091957 | HT5: 0.013091639 | HU5: 0.013070373 | HV5: 0.013035875 | HW5: 0.01297259 | HX5: 0.012893281 | HY5: 0.01280201 | HZ5: 0.012684066 | IA5: 0.012555564 | IB5: 0.012415775 | IC5: 0.012255286 | ID5: 0.012089355 | IE5: 0.011916934 | IF5: 0.011729531 | IG5: 0.011536382 | IH5: 0.011337218 | II5: 0.011131058 | IJ5: 0.010918672 | IK5: 0.010687322 | IL5: 0.010449456 | IM5: 0.010206229 | IN5: 0.0062958015 | IO5: 0.006042789 | IP5: 0.0057815817 | IQ5: 0.0055141741 | IR5: 0.0052533614 | IS5: 0.0050011103 | IT5: 0.004784575 | IU5: 0.0045942306 | IV5: 0.0044443218 | IW5: 0.0043242182 | IX5: 0.0042166564 | IY5: 0.004123587 | IZ5: 0.0040472685 | JA5: 0.0039808329 | JB5: 0.0039292543 | JC5: 0.0038838699 | JD5: 0.0038436864 | JE5: 0.0038192957 | JF5: 0.0037922747 | JG5: 0.0037631841 | JH5: 0.0037418987 | JI5: 0.003722651 | JJ5: 0.0037057003 | JK5: 0.0036847324 | JL5: 0.0036645864 | JM5: 0.0036461963 | JN5: 0.0036291689 | JO5: 0.0036137607 | JP5: 0.0036014291 | JQ5: 0.0035852103 | JR5: 0.003571251 | JS5: 0.003567919 | JT5: 0.0035921972 | JU5: 0.003624375 | JV5: 0.0036400619 | JW5: 0.003631928 | JX5: 0.0036102938 | JY5: 0.0035930574 | JZ5: 0.0035660119 | KA5: 0.0035319108 | KB5: 0.0035089585 | KC5: 0.0034937796 | KD5: 0.0034863723 | KE5: 0.0034842831 | KF5: 0.0034818915 | KG5: 0.0034789063 | KH5: 0.0034822347 | KI5: 0.0034864299 | KJ5: 0.0034909021 | KK5: 0.0034982997 | KL5: 0.003506764 | KM5: 0.0035163637 | KN5: 0.0035320544 | KO5: 0.0035469137 | KP5: 0.0035541235 | KQ5: 0.0035676808 | KR5: 0.003584847 | KS5: 0.0036068325 | KT5: 0.0036279382 | KU5: 0.0036482996 | KV5: 0.0036667507 | KW5: 0.0036904623 | KX5: 0.0037169095 | KY5: 0.0037370082 | KZ5: 0.0037616269 | LA5: 0.0037898447 | LB5: 0.0038196041 | LC5: 0.0038481325 | LD5: 0.0038754782 | LE5: 0.0038981165 | LF5: 0.0039243144 | LG5: 0.0039548036 | LH5: 0.0039749432 | LI5: 0.0039942852 | LJ5: 0.0040136002 | LK5: 0.0040438624 | LL5: 0.0040677146 | LM5: 0.0040775176 | LN5: 0.0040892858 | LO5: 0.0041024695 | LP5: 0.0041178658 | LQ5: 0.0041253537 | LR5: 0.0041276567 | LS5: 0.0041216249 | LT5: 0.0041135224 | LU5: 0.0041044132 | LV5: 0.0040942444 | LW5: 0.0040790982 | LX5: 0.004061011 | LY5: 0.004039053 | LZ5: 0.004013264 | MA5: 0.0039842671 | MB5: 0.0039477635 | MC5: 0.0039027273 | MD5: 0.0038518619 | ME5: 0.0037943642 | MF5: 0.0037276852 | MG5: 0.0036542934 | MH5: 0.0035764767 | MI5: 0.0034919393 | MJ5: 0.0034016941 | MK5: 0.0033048127 | ML5: 0.003213211 | MM5: 0.0031266796 | MN5: 0.0030362091 | MO5: 0.0029572095 | MP5: 0.0028906796 | MQ5: 0.0028326917 | MR5: 0.0027797539 | MS5: 0.002732791 | MT5: 0.0026940632 | MU5: 0.0026594623 | MV5: 0.0026297699 | MW5: 0.0025971536 | MX5: 0.0025693735 | MY5: 0.0025500733 | MZ5: 0.0025351324 | NA5: 0.002519047 | NB5: 0.0024993623 | NC5: 0.0024827451 | ND5: 0.002465274 | NE5: 0.0024445042 | NF5: 0.0024335042 | NG5: 0.0024215855 | NH5: 0.0024010281 | NI5: 0.0023922618 | NJ5: 0.0023843461 | NK5: 0.0023684135 | NL5: 0.0023456473 | NM5: 0.0023251965 | NN5: 0.0023205339 | NO5: 0.0023047773 | NP5: 0.0022872039 | NQ5: 0.0022804611 | NR5: 0.0022622932 | NS5: 0.0022429687 | NT5: 0.0022430368 | NU5: 0.0022354502 | NV5: 0.0022249586 | NW5: 0.0022203509 | NX5: 0.0022068467 | NY5: 0.0021893005 | NZ5: 0.0021804294 | OA5: 0.0021720217 | OB5: 0.0021630949 | OC5: 0.0021468287 | OD5: 0.0021442859 | OE5: 0.0021486376 | OF5: 0.0021178849 | OG5: 0.0021037829 | OH5: 0.0021018971 | OI5: 0.0020835551 | OJ5: 0.0020733857 | OK5: 0.0020700761 | OL5: 0.0020634658 | OM5: 0.002054672 | ON5: 0.002043822 | OO5: 0.0020289737 | OP5: 0.002020921 | OQ5: 0.0020196638 | OR5: 0.0019974161 | OS5: 0.0019898816 | OT5: 0.0019985163 | OU5: 0.0019914198 | OV5: 0.0019841692 | OW5: 0.0019773089 | OX5: 0.0019845995 | OY5: 0.0019845466 | OZ5: 0.0019741995 | PA5: 0.001969416 | PB5: 0.0019743079 | PC5: 0.0019919828 | PD5: 0.0019835075 | PE5: 0.0019746016 | PF5: =(BY5^2)^$PH$3/(IE5^$PH$2*BA5^$PH$5)^$PH$4 -> 1.4027935 | PH5: 0.9929964
A6: WMS09 | B6: 28.25 | C6: 0.0039721193 | D6: 0.014473978 | E6: 0.01356209 | F6: 0.013626849 | G6: 0.0033658052 | H6: 0.0018579786 | I6: 0.0062815124 | J6: 0.0063419154 | K6: 0.0064023422 | L6: 0.0064629179 | M6: 0.0065236969 | N6: 0.0065803014 | O6: 0.0066383202 | P6: 0.0066984415 | Q6: 0.0067577748 | R6: 0.0068162128 | S6: 0.0068747174 | T6: 0.0069306686 | U6: 0.0069814158 | V6: 0.0070370306 | W6: 0.0070979264 | X6: 0.0071693329 | Y6: 0.0072448061 | Z6: 0.0073207115 | AA6: 0.0073874439 | AB6: 0.0074453612 | AC6: 0.0075111159 | AD6: 0.0075823412 | AE6: 0.0076587279 | AF6: 0.0077339726 | AG6: 0.0078082394 | AH6: 0.0078810389 | AI6: 0.0079580277 | AJ6: 0.008042327 | AK6: 0.0081272779 | AL6: 0.0082125485 | AM6: 0.0082944889 | AN6: 0.01274751 | AO6: 0.012832088 | AP6: 0.012921025 | AQ6: 0.013013522 | AR6: 0.013101037 | AS6: 0.013189869 | AT6: 0.013282643 | AU6: 0.01337386 | AV6: 0.013464279 | AW6: 0.01355425 | AX6: 0.013643358 | AY6: 0.013731282 | AZ6: 0.013817283 | BA6: 0.013901561 | BB6: 0.013980216 | BC6: 0.014059338 | BD6: 0.013608876 | BE6: 0.013606324 | BF6: 0.013597392 | BG6: 0.013588692 | BH6: 0.013583047 | BI6: 0.013575841 | BJ6: 0.013568524 | BK6: 0.013568012 | BL6: 0.013562193 | BM6: 0.013550625 | BN6: 0.013552473 | BO6: 0.013554144 | BP6: 0.01355132 | BQ6: 0.013550129 | BR6: 0.013549991 | BS6: 0.013553026 | BT6: 0.013553431 | BU6: 0.013551305 | BV6: 0.01355152 | BW6: 0.013553341 | BX6: 0.013558011 | BY6: 0.013563061 | BZ6: 0.013567562 | CA6: 0.013568213 | CB6: 0.013573562 | CC6: 0.013582604 | CD6: 0.013591189 | CE6: 0.013599373 | CF6: 0.013606929 | CG6: 0.013612853 | CH6: 0.013619391 | CI6: 0.013629796 | CJ6: 0.013636682 | CK6: 0.013641194 | CL6: 0.013640531 | CM6: 0.013636095 | CN6: 0.013627231 | CO6: 0.013615007 | CP6: 0.013600574 | CQ6: 0.013581966 | CR6: 0.013555478 | CS6: 0.013522508 | CT6: 0.013467312 | CU6: 0.013399269 | CV6: 0.013320715 | CW6: 0.013210353 | CX6: 0.013091447 | CY6: 0.012960683 | CZ6: 0.012811617 | DA6: 0.012658515 | DB6: 0.012506284 | DC6: 0.012365953 | DD6: 0.012232678 | DE6: 0.012109765 | DF6: 0.011988881 | DG6: 0.011869947 | DH6: 0.011760098 | DI6: 0.011656916 | DJ6: 0.011564365 | DK6: 0.011476163 | DL6: 0.011393709 | DM6: 0.011328527 | DN6: 0.011272891 | DO6: 0.011224105 | DP6: 0.011194989 | DQ6: 0.011171204 | DR6: 0.011152764 | DS6: 0.011149026 | DT6: 0.011149289 | DU6: 0.0093396259 | DV6: 0.0091085122 | DW6: 0.0088733863 | DX6: 0.0086322931 | DY6: 0.0083847373 | DZ6: 0.0081309981 | EA6: 0.007882767 | EB6: 0.0076448424 | EC6: 0.0074151405 | ED6: 0.0071816358 | EE6: 0.0069329804 | EF6: 0.0066871545 | EG6: 0.0064452721 | EH6: 0.0062172841 | EI6: 0.0060144461 | EJ6: 0.0058256255 | EK6: 0.0056207402 | EL6: 0.0054028898 | EM6: 0.0051735364 | EN6: 0.0049444258 | EO6: 0.0047180625 | EP6: 0.0044951962 | EQ6: 0.0043050042 | ER6: 0.004137075 | ES6: 0.0040029843 | ET6: 0.0039005215 | EU6: 0.0038083959 | EV6: 0.0037231911 | EW6: 0.0036537148 | EX6: 0.0035937192 | EY6: 0.0035486559 | EZ6: 0.0035122312 | FA6: 0.0034813477 | FB6: 0.0034551833 | FC6: 0.0034299466 | FD6: 0.0034055189 | FE6: 0.0033856709 | FF6: 0.0033653841 | FG6: 0.0033446016 | FH6: 0.0033309613 | FI6: 0.0033157086 | FJ6: 0.0032970905 | FK6: 0.0032808189 | FL6: 0.0032654053 | FM6: 0.0032509869 | FN6: 0.0034633887 | FO6: 0.0034223816 | FP6: 0.0033818012 | FQ6: 0.0033291552 | FR6: 0.003267529 | FS6: 0.0031979876 | FT6: 0.0031206091 | FU6: 0.0030369896 | FV6: 0.0029590343 | FW6: 0.0028860311 | FX6: 0.0028177834 | FY6: 0.0027400079 | FZ6: 0.002669775 | GA6: 0.0026078176 | GB6: 0.0025662058 | GC6: 0.0025232119 | GD6: 0.0024773803 | GE6: 0.0024351482 | GF6: 0.002399687 | GG6: 0.0023735191 | GH6: 0.0023470498 | GI6: 0.0023216144 | GJ6: 0.0022979259 | GK6: 0.0022830295 | GL6: 0.0022700506 | GM6: 0.0022580154 | GN6: 0.002240742 | GO6: 0.0022225751 | GP6: 0.002204808 | GQ6: 0.0021987658 | GR6: 0.002191173 | GS6: 0.00217206 | GT6: 0.0021632449 | GU6: 0.0021559441 | GV6: 0.002143956 | GW6: 0.0021249941 | GX6: 0.0021064598 | GY6: 0.0020975592 | GZ6: 0.0020839736 | HA6: 0.0020684719 | HB6: 0.0020529318 | HC6: 0.0020424823 | HD6: 0.0020348247 | HE6: 0.0020296094 | HF6: 0.0020246174 | HG6: 0.0020189768 | HH6: 0.0020090089 | HI6: 0.0019949874 | HJ6: 0.0019799129 | HK6: 0.0019745739 | HL6: 0.0019674366 | HM6: =((DW6/LY6)/(BA6/DX6))^0.3*(CA6/IB6)/(BA6/CA6) -> 1.3501443 | HN6: 0.011530579 | HO6: 0.011623143 | HP6: 0.011702499 | HQ6: 0.011760685 | HR6: 0.011795625 | HS6: 0.01181701 | HT6: 0.011814935 | HU6: 0.01179342 | HV6: 0.011759661 | HW6: 0.011699396 | HX6: 0.011625847 | HY6: 0.011541988 | HZ6: 0.011423254 | IA6: 0.011300419 | IB6: 0.011173293 | IC6: 0.011022461 | ID6: 0.010864699 | IE6: 0.010698266 | IF6: 0.010526392 | IG6: 0.010350675 | IH6: 0.01016749 | II6: 0.009977497 | IJ6: 0.0097811537 | IK6: 0.0095645617 | IL6: 0.0093396259 | IM6: 0.0091085122 | IN6: 0.0056207402 | IO6: 0.0054028898 | IP6: 0.0051735364 | IQ6: 0.0049444258 | IR6: 0.0047180625 | IS6: 0.0044951962 | IT6: 0.0043050042 | IU6: 0.004137075 | IV6: 0.0040029843 | IW6: 0.0039005215 | IX6: 0.0038083959 | IY6: 0.0037231911 | IZ6: 0.0036537148 | JA6: 0.0035937192 | JB6: 0.0035486559 | JC6: 0.0035122312 | JD6: 0.0034813477 | JE6: 0.0034551833 | JF6: 0.0034299466 | JG6: 0.0034055189 | JH6: 0.0033856709 | JI6: 0.0033653841 | JJ6: 0.0033446016 | JK6: 0.0033309613 | JL6: 0.0033157086 | JM6: 0.0032970905 | JN6: 0.0032808189 | JO6: 0.0032654053 | JP6: 0.0032509869 | JQ6: 0.0032351199 | JR6: 0.0032166656 | JS6: 0.0031913129 | JT6: 0.0031967291 | JU6: 0.0032185456 | JV6: 0.0032590756 | JW6: 0.0032683016 | JX6: 0.0032599546 | JY6: 0.0032589035 | JZ6: 0.0032412172 | KA6: 0.0032111796 | KB6: 0.0031875626 | KC6: 0.0031688795 | KD6: 0.0031551288 | KE6: 0.003147012 | KF6: 0.0031396359 | KG6: 0.0031329815 | KH6: 0.0031335889 | KI6: 0.0031370599 | KJ6: 0.0031440285 | KK6: 0.0031463172 | KL6: 0.0031498268 | KM6: 0.0031580397 | KN6: 0.0031691591 | KO6: 0.0031811205 | KP6: 0.0031931464 | KQ6: 0.0032027899 | KR6: 0.0032112806 | KS6: 0.003218764 | KT6: 0.0032355256 | KU6: 0.0032568591 | KV6: 0.0032782051 | KW6: 0.0032962161 | KX6: 0.0033129779 | KY6: 0.0033386668 | KZ6: 0.0033559362 | LA6: 0.0033672024 | LB6: 0.0033982579 | LC6: 0.0034206163 | LD6: 0.0034346187 | LE6: 0.003460142 | LF6: 0.0034831871 | LG6: 0.003503047 | LH6: 0.0035231174 | LI6: 0.0035415281 | LJ6: 0.0035575278 | LK6: 0.0035776908 | LL6: 0.0035949307 | LM6: 0.0036059647 | LN6: 0.003621251 | LO6: 0.0036326605 | LP6: 0.0036341103 | LQ6: 0.0036332561 | LR6: 0.0036341911 | LS6: 0.0036416193 | LT6: 0.0036374939 | LU6: 0.0036296467 | LV6: 0.0036222319 | LW6: 0.0036077741 | LX6: 0.0035897927 | LY6: 0.0035690541 | LZ6: 0.0035511329 | MA6: 0.003532363 | MB6: 0.0035008992 | MC6: 0.0034633887 | MD6: 0.0034223816 | ME6: 0.0033818012 | MF6: 0.0033291552 | MG6: 0.003267529 | MH6: 0.0031979876 | MI6: 0.0031206091 | MJ6: 0.0030369896 | MK6: 0.0029590343 | ML6: 0.0028860311 | MM6: 0.0028177834 | MN6: 0.0027400079 | MO6: 0.002669775 | MP6: 0.0026078176 | MQ6: 0.0025662058 | MR6: 0.0025232119 | MS6: 0.0024773803 | MT6: 0.0024351482 | MU6: 0.002399687 | MV6: 0.0023735191 | MW6: 0.0023470498 | MX6: 0.0023216144 | MY6: 0.0022979259 | MZ6: 0.0022830295 | NA6: 0.0022700506 | NB6: 0.0022580154 | NC6: 0.002240742 | ND6: 0.0022225751 | NE6: 0.002204808 | NF6: 0.0021987658 | NG6: 0.002191173 | NH6: 0.00217206 | NI6: 0.0021632449 | NJ6: 0.0021559441 | NK6: 0.002143956 | NL6: 0.0021249941 | NM6: 0.0021064598 | NN6: 0.0020975592 | NO6: 0.0020839736 | NP6: 0.0020684719 | NQ6: 0.0020529318 | NR6: 0.0020424823 | NS6: 0.0020348247 | NT6: 0.0020296094 | NU6: 0.0020246174 | NV6: 0.0020189768 | NW6: 0.0020090089 | NX6: 0.0019949874 | NY6: 0.0019799129 | NZ6: 0.0019745739 | OA6: 0.0019674366 | OB6: 0.0019585902 | OC6: 0.0019447095 | OD6: 0.0019351016 | OE6: 0.0019272353 | OF6: 0.0019030575 | OG6: 0.001890826 | OH6: 0.0018877825 | OI6: 0.0018809756 | OJ6: 0.0018707713 | OK6: 0.0018578644 | OL6: 0.0018511483 | OM6: 0.0018415913 | ON6: 0.0018294046 | OO6: 0.0018165176 | OP6: 0.0018073538 | OQ6: 0.0018019131 | OR6: 0.0017926009 | OS6: 0.0017821104 | OT6: 0.0017703858 | OU6: 0.00176415 | OV6: 0.0017615011 | OW6: 0.0017628637 | OX6: 0.0017562501 | OY6: 0.0017594105 | OZ6: 0.0017755447 | PA6: 0.0017515891 | PB6: 0.0017571208 | PC6: 0.0018075402 | PD6: 0.0017889647 | PE6: 0.0017744745 | PF6: =(BY6^2)^$PH$3/(IE6^$PH$2*BA6^$PH$5)^$PH$4 -> 1.3811371 | PI6: =CORREL(B2:B31, PF2:PF31) -> -0.9221577 | PJ6: =PI6^2 -> 0.85037483
A7: WMS13 | B7: 49.5 | C7: 0.0026962955 | D7: 0.0091992375 | E7: 0.0080709639 | F7: 0.0080714383 | G7: 0.0030987988 | H7: 0.0023125474 | I7: 0.0041757472 | J7: 0.0042114566 | K7: 0.0042576614 | L7: 0.0043048696 | M7: 0.0043533663 | N7: 0.0044044465 | O7: 0.0044574419 | P7: 0.0045065324 | Q7: 0.0045571611 | R7: 0.0046096163 | S7: 0.0046551708 | T7: 0.0046973947 | U7: 0.004737763 | V7: 0.0047824926 | W7: 0.004831953 | X7: 0.0048798093 | Y7: 0.0049255259 | Z7: 0.0049555641 | AA7: 0.004983731 | AB7: 0.0050100984 | AC7: 0.0050477138 | AD7: 0.0050863781 | AE7: 0.005113797 | AF7: 0.0051482325 | AG7: 0.0051883767 | AH7: 0.0052215097 | AI7: 0.0052569111 | AJ7: 0.0052968227 | AK7: 0.0053372301 | AL7: 0.0053778819 | AM7: 0.0054359443 | AN7: 0.0082456999 | AO7: 0.008300773 | AP7: 0.0083558577 | AQ7: 0.008410947 | AR7: 0.0084652505 | AS7: 0.0085179555 | AT7: 0.0085669565 | AU7: 0.00861566 | AV7: 0.0086646401 | AW7: 0.0087218065 | AX7: 0.0087754762 | AY7: 0.0088243234 | AZ7: 0.008867088 | BA7: 0.0089074586 | BB7: 0.0089438846 | BC7: 0.0089815118 | BD7: 0.0082238104 | BE7: 0.0082137008 | BF7: 0.0081931489 | BG7: 0.0081729312 | BH7: 0.0081575869 | BI7: 0.0081394603 | BJ7: 0.0081206102 | BK7: 0.0081081359 | BL7: 0.0080939352 | BM7: 0.0080778645 | BN7: 0.0080613884 | BO7: 0.0080450803 | BP7: 0.0080293048 | BQ7: 0.0080185113 | BR7: 0.0080100954 | BS7: 0.0080038683 | BT7: 0.0079979004 | BU7: 0.0079921796 | BV7: 0.0079919789 | BW7: 0.0079923746 | BX7: 0.0079930082 | BY7: 0.0079924014 | BZ7: 0.0079918395 | CA7: 0.0079940231 | CB7: 0.0079988896 | CC7: 0.0080058636 | CD7: 0.0080164974 | CE7: 0.0080285486 | CF7: 0.0080427292 | CG7: 0.0080526319 | CH7: 0.008064005 | CI7: 0.0080849571 | CJ7: 0.0081056198 | CK7: 0.0081260611 | CL7: 0.0081454681 | CM7: 0.0081639451 | CN7: 0.0081813341 | CO7: 0.0082014087 | CP7: 0.0082204562 | CQ7: 0.0082360093 | CR7: 0.0082363525 | CS7: 0.0082289506 | CT7: 0.0082109085 | CU7: 0.0081785195 | CV7: 0.0081343916 | CW7: 0.0080745484 | CX7: 0.0080137132 | CY7: 0.0079520511 | CZ7: 0.007868543 | DA7: 0.0077772084 | DB7: 0.0076768362 | DC7: 0.0075793585 | DD7: 0.0074841649 | DE7: 0.007397802 | DF7: 0.0073159476 | DG7: 0.0072384249 | DH7: 0.0071696216 | DI7: 0.0071037524 | DJ7: 0.0070419306 | DK7: 0.0069892448 | DL7: 0.006942109 | DM7: 0.0069067152 | DN7: 0.0068818562 | DO7: 0.0068634879 | DP7: 0.0068526278 | DQ7: 0.0068485168 | DR7: 0.0068511696 | DS7: 0.0068576911 | DT7: 0.0068690967 | DU7: 0.0059568769 | DV7: 0.0058909725 | DW7: 0.0058899138 | DX7: 0.005863948 | DY7: 0.0058110015 | DZ7: 0.0057433973 | EA7: 0.0056726598 | EB7: 0.0055987695 | EC7: 0.0055059708 | ED7: 0.0053949277 | EE7: 0.0052457909 | EF7: 0.0051045297 | EG7: 0.0049754655 | EH7: 0.0048910103 | EI7: 0.0047750618 | EJ7: 0.004635225 | EK7: 0.0044426492 | EL7: 0.0042899418 | EM7: 0.0041725839 | EN7: 0.0040970087 | EO7: 0.0039864349 | EP7: 0.003830239 | EQ7: 0.0036649929 | ER7: 0.0035334062 | ES7: 0.0034664003 | ET7: 0.003434042 | EU7: 0.0034024282 | EV7: 0.0033482842 | EW7: 0.0032975939 | EX7: 0.0032507777 | EY7: 0.0032159981 | EZ7: 0.0031867406 | FA7: 0.0031617087 | FB7: 0.0031466018 | FC7: 0.0031332391 | FD7: 0.0031213132 | FE7: 0.003109972 | FF7: 0.0030983778 | FG7: 0.0030864971 | FH7: 0.0030826787 | FI7: 0.0030765571 | FJ7: 0.003065881 | FK7: 0.0030592311 | FL7: 0.0030533007 | FM7: 0.0030473975 | FN7: 0.0034206298 | FO7: 0.0033606388 | FP7: 0.0033620501 | FQ7: 0.0033358191 | FR7: 0.0032889513 | FS7: 0.0032231136 | FT7: 0.0031637413 | FU7: 0.0031100874 | FV7: 0.0030704155 | FW7: 0.0030286753 | FX7: 0.0029849457 | FY7: 0.0029339869 | FZ7: 0.0028890594 | GA7: 0.0028507448 | GB7: 0.0028150968 | GC7: 0.0027786315 | GD7: 0.0027409851 | GE7: 0.0027082025 | GF7: 0.0026822362 | GG7: 0.0026654705 | GH7: 0.002639231 | GI7: 0.0026148669 | GJ7: 0.0025954726 | GK7: 0.0025854384 | GL7: 0.0025737003 | GM7: 0.0025556969 | GN7: 0.0025465489 | GO7: 0.0025403988 | GP7: 0.0025368846 | GQ7: 0.0025312536 | GR7: 0.0025247887 | GS7: 0.0025175447 | GT7: 0.0025042298 | GU7: 0.002497518 | GV7: 0.0025160539 | GW7: 0.002515492 | GX7: 0.0025054138 | GY7: 0.0024859393 | GZ7: 0.0024743589 | HA7: 0.0024660803 | HB7: 0.002458084 | HC7: 0.0024503906 | HD7: 0.0024418048 | HE7: 0.0024281752 | HF7: 0.0024101848 | HG7: 0.0023958635 | HH7: 0.0024150646 | HI7: 0.0024186797 | HJ7: 0.0024132307 | HK7: 0.0024084382 | HL7: 0.0023990702 | HM7: =((DW7/LY7)/(BA7/DX7))^0.3*(CA7/IB7)/(BA7/CA7) -> 1.0097658 | HN7: 0.0072392014 | HO7: 0.0073439806 | HP7: 0.0074257895 | HQ7: 0.007471239 | HR7: 0.0075037343 | HS7: 0.0075300698 | HT7: 0.0075469216 | HU7: 0.0075590992 | HV7: 0.0075644582 | HW7: 0.0075415064 | HX7: 0.0075011274 | HY7: 0.0074491185 | HZ7: 0.0074126711 | IA7: 0.0073694408 | IB7: 0.0073190125 | IC7: 0.0072511336 | ID7: 0.0071750837 | IE7: 0.0070871907 | IF7: 0.0070221019 | IG7: 0.0069529267 | IH7: 0.0068543724 | II7: 0.0066481185 | IJ7: 0.0063902833 | IK7: 0.0061128006 | IL7: 0.0059568769 | IM7: 0.0058909725 | IN7: 0.0044426492 | IO7: 0.0042899418 | IP7: 0.0041725839 | IQ7: 0.0040970087 | IR7: 0.0039864349 | IS7: 0.003830239 | IT7: 0.0036649929 | IU7: 0.0035334062 | IV7: 0.0034664003 | IW7: 0.003434042 | IX7: 0.0034024282 | IY7: 0.0033482842 | IZ7: 0.0032975939 | JA7: 0.0032507777 | JB7: 0.0032159981 | JC7: 0.0031867406 | JD7: 0.0031617087 | JE7: 0.0031466018 | JF7: 0.0031332391 | JG7: 0.0031213132 | JH7: 0.003109972 | JI7: 0.0030983778 | JJ7: 0.0030864971 | JK7: 0.0030826787 | JL7: 0.0030765571 | JM7: 0.003065881 | JN7: 0.0030592311 | JO7: 0.0030533007 | JP7: 0.0030473975 | JQ7: 0.0030402658 | JR7: 0.0030281123 | JS7: 0.0030011547 | JT7: 0.0030359119 | JU7: 0.0031024462 | JV7: 0.0032010575 | JW7: 0.0032616951 | JX7: 0.0032954148 | JY7: 0.00328758 | JZ7: 0.0032535292 | KA7: 0.0031992929 | KB7: 0.0031318651 | KC7: 0.0030805174 | KD7: 0.003045248 | KE7: 0.0030246897 | KF7: 0.0030131531 | KG7: 0.0030125202 | KH7: 0.0030164098 | KI7: 0.0030217383 | KJ7: 0.0030286569 | KK7: 0.003037073 | KL7: 0.0030446316 | KM7: 0.0030496484 | KN7: 0.0030605275 | KO7: 0.0030720788 | KP7: 0.0030806842 | KQ7: 0.0030897876 | KR7: 0.003099661 | KS7: 0.0031119485 | KT7: 0.0031238193 | KU7: 0.0031359112 | KV7: 0.0031506229 | KW7: 0.0031678548 | KX7: 0.0031867956 | KY7: 0.0032067236 | KZ7: 0.0032293309 | LA7: 0.0032537106 | LB7: 0.0032673287 | LC7: 0.0032820212 | LD7: 0.0032977461 | LE7: 0.0033194313 | LF7: 0.0033326621 | LG7: 0.0033358252 | LH7: 0.0033553277 | LI7: 0.003369181 | LJ7: 0.0033731354 | LK7: 0.0033857966 | LL7: 0.0033963941 | LM7: 0.003401212 | LN7: 0.0034036671 | LO7: 0.0034063376 | LP7: 0.0034104222 | LQ7: 0.0034089729 | LR7: 0.0034118128 | LS7: 0.003430227 | LT7: 0.003435236 | LU7: 0.0034383228 | LV7: 0.0034499334 | LW7: 0.0034740093 | LX7: 0.003499933 | LY7: 0.0035120283 | LZ7: 0.0035038842 | MA7: 0.0034859964 | MB7: 0.0034693614 | MC7: 0.0034206298 | MD7: 0.0033606388 | ME7: 0.0033620501 | MF7: 0.0033358191 | MG7: 0.0032889513 | MH7: 0.0032231136 | MI7: 0.0031637413 | MJ7: 0.0031100874 | MK7: 0.0030704155 | ML7: 0.0030286753 | MM7: 0.0029849457 | MN7: 0.0029339869 | MO7: 0.0028890594 | MP7: 0.0028507448 | MQ7: 0.0028150968 | MR7: 0.0027786315 | MS7: 0.0027409851 | MT7: 0.0027082025 | MU7: 0.0026822362 | MV7: 0.0026654705 | MW7: 0.002639231 | MX7: 0.0026148669 | MY7: 0.0025954726 | MZ7: 0.0025854384 | NA7: 0.0025737003 | NB7: 0.0025556969 | NC7: 0.0025465489 | ND7: 0.0025403988 | NE7: 0.0025368846 | NF7: 0.0025312536 | NG7: 0.0025247887 | NH7: 0.0025175447 | NI7: 0.0025042298 | NJ7: 0.002497518 | NK7: 0.0025160539 | NL7: 0.002515492 | NM7: 0.0025054138 | NN7: 0.0024859393 | NO7: 0.0024743589 | NP7: 0.0024660803 | NQ7: 0.002458084 | NR7: 0.0024503906 | NS7: 0.0024418048 | NT7: 0.0024281752 | NU7: 0.0024101848 | NV7: 0.0023958635 | NW7: 0.0024150646 | NX7: 0.0024186797 | NY7: 0.0024132307 | NZ7: 0.0024084382 | OA7: 0.0023990702 | OB7: 0.0023868111 | OC7: 0.0023748595 | OD7: 0.0023663994 | OE7: 0.0023596505 | OF7: 0.0023434001 | OG7: 0.0023340888 | OH7: 0.0023300434 | OI7: 0.0023224645 | OJ7: 0.0023165363 | OK7: 0.0023124332 | OL7: 0.0023218752 | OM7: 0.0023158542 | ON7: 0.0022957155 | OO7: 0.0022910238 | OP7: 0.0022869157 | OQ7: 0.002283391 | OR7: 0.0022750592 | OS7: 0.0022691523 | OT7: 0.002265925 | OU7: 0.0022606269 | OV7: 0.0022627002 | OW7: 0.0022735018 | OX7: 0.002273119 | OY7: 0.0022849122 | OZ7: 0.0023129516 | PA7: 0.0023390345 | PB7: 0.0023651504 | PC7: 0.002391515 | PD7: 0.0024109793 | PE7: 0.0024308667 | PF7: =(BY7^2)^$PH$3/(IE7^$PH$2*BA7^$PH$5)^$PH$4 -> 0.4152732
A8: WMS14 | B8: 46.75 | C8: 0.0025411743 | D8: 0.0084803693 | E8: 0.0071046213 | F8: 0.0071066609 | G8: 0.0016046673 | H8: 0.0012212027 | I8: 0.003448953 | J8: 0.0034848799 | K8: 0.0035211512 | L8: 0.0035577707 | M8: 0.0035948447 | N8: 0.0036334446 | O8: 0.0036737603 | P8: 0.0037108973 | Q8: 0.0037488028 | R8: 0.0037876317 | S8: 0.0038248133 | T8: 0.0038605241 | U8: 0.0038977357 | V8: 0.0039352349 | W8: 0.0039730516 | X8: 0.0040160094 | Y8: 0.0040608535 | Z8: 0.0041029293 | AA8: 0.0041403938 | AB8: 0.0041734264 | AC8: 0.0042063653 | AD8: 0.0042432271 | AE8: 0.0042866005 | AF8: 0.0043294141 | AG8: 0.0043717377 | AH8: 0.0044110418 | AI8: 0.004452298 | AJ8: 0.0044957857 | AK8: 0.0045413036 | AL8: 0.004588089 | AM8: 0.0046351849 | AN8: 0.0074116207 | AO8: 0.0074660656 | AP8: 0.0075222876 | AQ8: 0.0075799588 | AR8: 0.0076338664 | AS8: 0.007689114 | AT8: 0.0077481179 | AU8: 0.0078051919 | AV8: 0.0078614262 | AW8: 0.0079199138 | AX8: 0.0079761474 | AY8: 0.0080292744 | AZ8: 0.0080804448 | BA8: 0.0081307746 | BB8: 0.0081795371 | BC8: 0.0082260818 | BD8: 0.0072191047 | BE8: 0.0072092372 | BF8: 0.0071949246 | BG8: 0.007181133 | BH8: 0.0071703907 | BI8: 0.0071579564 | BJ8: 0.0071448412 | BK8: 0.0071326919 | BL8: 0.0071202813 | BM8: 0.0071075879 | BN8: 0.0070950459 | BO8: 0.0070832206 | BP8: 0.0070731029 | BQ8: 0.0070640756 | BR8: 0.0070558698 | BS8: 0.007050859 | BT8: 0.0070445467 | BU8: 0.0070369818 | BV8: 0.0070328273 | BW8: 0.0070292656 | BX8: 0.0070263067 | BY8: 0.0070271547 | BZ8: 0.0070294852 | CA8: 0.0070326582 | CB8: 0.0070365528 | CC8: 0.0070410141 | CD8: 0.0070512759 | CE8: 0.0070613913 | CF8: 0.0070709765 | CG8: 0.007084596 | CH8: 0.0070992276 | CI8: 0.0071138963 | CJ8: 0.0071281047 | CK8: 0.0071421359 | CL8: 0.0071587069 | CM8: 0.0071723413 | CN8: 0.007182532 | CO8: 0.0071945551 | CP8: 0.0072035644 | CQ8: 0.0072045269 | CR8: 0.0072022495 | CS8: 0.0071966019 | CT8: 0.0071768723 | CU8: 0.0071478411 | CV8: 0.0071111988 | CW8: 0.0070539109 | CX8: 0.0069897432 | CY8: 0.0069157777 | CZ8: 0.0068188547 | DA8: 0.0067191867 | DB8: 0.0066283659 | DC8: 0.0065402764 | DD8: 0.0064544793 | DE8: 0.0063785768 | DF8: 0.0063067022 | DG8: 0.0062386975 | DH8: 0.0061732537 | DI8: 0.0061111365 | DJ8: 0.0060545887 | DK8: 0.0060059222 | DL8: 0.0059616501 | DM8: 0.0059260272 | DN8: 0.0058948263 | DO8: 0.0058668494 | DP8: 0.0058486639 | DQ8: 0.005836239 | DR8: 0.0058295892 | DS8: 0.0058288953 | DT8: 0.0058308179 | DU8: 0.0047149705 | DV8: 0.0045835078 | DW8: 0.0044431554 | DX8: 0.0043043011 | DY8: 0.0041670717 | DZ8: 0.0040366068 | EA8: 0.0039107992 | EB8: 0.0037919323 | EC8: 0.0036645487 | ED8: 0.0035314309 | EE8: 0.003387876 | EF8: 0.0032547918 | EG8: 0.0031294619 | EH8: 0.0030221222 | EI8: 0.0029128109 | EJ8: 0.0028026698 | EK8: 0.0026968814 | EL8: 0.0025854167 | EM8: 0.0024689126 | EN8: 0.0023555258 | EO8: 0.0022425246 | EP8: 0.0021299402 | EQ8: 0.0020367034 | ER8: 0.0019559453 | ES8: 0.0018939142 | ET8: 0.0018447069 | EU8: 0.0017995008 | EV8: 0.001756562 | EW8: 0.0017240919 | EX8: 0.0016971426 | EY8: 0.0016762811 | EZ8: 0.0016591571 | FA8: 0.0016447023 | FB8: 0.0016350325 | FC8: 0.0016258043 | FD8: 0.0016169637 | FE8: 0.0016103358 | FF8: 0.0016042463 | FG8: 0.0015987631 | FH8: 0.0015944973 | FI8: 0.0015906861 | FJ8: 0.0015874398 | FK8: 0.0015827581 | FL8: 0.0015781051 | FM8: 0.0015740869 | FN8: 0.0018326261 | FO8: 0.0018132807 | FP8: 0.0017984003 | FQ8: 0.0017724937 | FR8: 0.0017383389 | FS8: 0.001696395 | FT8: 0.0016590199 | FU8: 0.0016252306 | FV8: 0.0015866405 | FW8: 0.0015464791 | FX8: 0.0015048056 | FY8: 0.0014711125 | FZ8: 0.0014415423 | GA8: 0.001416351 | GB8: 0.0013878701 | GC8: 0.0013650788 | GD8: 0.0013497039 | GE8: 0.0013360721 | GF8: 0.0013227137 | GG8: 0.0013095309 | GH8: 0.0013033487 | GI8: 0.0012964465 | GJ8: 0.0012869576 | GK8: 0.0012845344 | GL8: 0.0012811255 | GM8: 0.0012735704 | GN8: 0.0012734414 | GO8: 0.0012725377 | GP8: 0.0012665245 | GQ8: 0.0012657418 | GR8: 0.0012645709 | GS8: 0.0012590438 | GT8: 0.0012573928 | GU8: 0.0012574214 | GV8: 0.0012590133 | GW8: 0.0012547263 | GX8: 0.0012493055 | GY8: 0.0012470025 | GZ8: 0.0012448849 | HA8: 0.0012423225 | HB8: 0.0012376496 | HC8: 0.0012367603 | HD8: 0.0012371887 | HE8: 0.0012357287 | HF8: 0.0012381522 | HG8: 0.0012413912 | HH8: 0.0012379148 | HI8: 0.0012326705 | HJ8: 0.0012278737 | HK8: 0.0012339731 | HL8: 0.0012351391 | HM8: =((DW8/LY8)/(BA8/DX8))^0.3*(CA8/IB8)/(BA8/CA8) -> 1.1151548 | HN8: 0.0060877904 | HO8: 0.0061368688 | HP8: 0.0061772845 | HQ8: 0.0062047868 | HR8: 0.0062151208 | HS8: 0.0062193666 | HT8: 0.0062163772 | HU8: 0.0062003067 | HV8: 0.0061767741 | HW8: 0.0061398102 | HX8: 0.0060933512 | HY8: 0.006039842 | HZ8: 0.0059717524 | IA8: 0.0058980378 | IB8: 0.00581838 | IC8: 0.0057301178 | ID8: 0.0056368264 | IE8: 0.0055359096 | IF8: 0.0054284833 | IG8: 0.0053181802 | IH8: 0.005204112 | II8: 0.0050887526 | IJ8: 0.0049712791 | IK8: 0.004844359 | IL8: 0.0047149705 | IM8: 0.0045835078 | IN8: 0.0026968814 | IO8: 0.0025854167 | IP8: 0.0024689126 | IQ8: 0.0023555258 | IR8: 0.0022425246 | IS8: 0.0021299402 | IT8: 0.0020367034 | IU8: 0.0019559453 | IV8: 0.0018939142 | IW8: 0.0018447069 | IX8: 0.0017995008 | IY8: 0.001756562 | IZ8: 0.0017240919 | JA8: 0.0016971426 | JB8: 0.0016762811 | JC8: 0.0016591571 | JD8: 0.0016447023 | JE8: 0.0016350325 | JF8: 0.0016258043 | JG8: 0.0016169637 | JH8: 0.0016103358 | JI8: 0.0016042463 | JJ8: 0.0015987631 | JK8: 0.0015944973 | JL8: 0.0015906861 | JM8: 0.0015874398 | JN8: 0.0015827581 | JO8: 0.0015781051 | JP8: 0.0015740869 | JQ8: 0.0015713356 | JR8: 0.0015689761 | JS8: 0.0015667266 | JT8: 0.0015816827 | JU8: 0.0016028129 | JV8: 0.0016197762 | JW8: 0.0016242743 | JX8: 0.0016211698 | JY8: 0.0016155182 | JZ8: 0.0016072369 | KA8: 0.0015969869 | KB8: 0.0015872441 | KC8: 0.0015798249 | KD8: 0.0015747277 | KE8: 0.0015751425 | KF8: 0.0015764101 | KG8: 0.001578547 | KH8: 0.0015814139 | KI8: 0.0015849514 | KJ8: 0.0015894884 | KK8: 0.0015931569 | KL8: 0.0015988397 | KM8: 0.0016093751 | KN8: 0.0016153402 | KO8: 0.0016209476 | KP8: 0.0016293482 | KQ8: 0.0016397077 | KR8: 0.0016508338 | KS8: 0.0016619384 | KT8: 0.0016702233 | KU8: 0.0016779517 | KV8: 0.0016907934 | KW8: 0.0017042523 | KX8: 0.0017180786 | KY8: 0.0017316299 | KZ8: 0.0017443135 | LA8: 0.0017563443 | LB8: 0.0017693133 | LC8: 0.0017810684 | LD8: 0.0017916573 | LE8: 0.0018081893 | LF8: 0.0018242297 | LG8: 0.0018395506 | LH8: 0.0018501292 | LI8: 0.0018613539 | LJ8: 0.0018740219 | LK8: 0.0018835488 | LL8: 0.0018921955 | LM8: 0.001900039 | LN8: 0.0019078525 | LO8: 0.0019141902 | LP8: 0.0019174042 | LQ8: 0.0019200482 | LR8: 0.0019215699 | LS8: 0.0019204668 | LT8: 0.0019205233 | LU8: 0.0019191095 | LV8: 0.0019114788 | LW8: 0.0019087137 | LX8: 0.0019062869 | LY8: 0.00189683 | LZ8: 0.0018864744 | MA8: 0.0018741278 | MB8: 0.0018529853 | MC8: 0.0018326261 | MD8: 0.0018132807 | ME8: 0.0017984003 | MF8: 0.0017724937 | MG8: 0.0017383389 | MH8: 0.001696395 | MI8: 0.0016590199 | MJ8: 0.0016252306 | MK8: 0.0015866405 | ML8: 0.0015464791 | MM8: 0.0015048056 | MN8: 0.0014711125 | MO8: 0.0014415423 | MP8: 0.001416351 | MQ8: 0.0013878701 | MR8: 0.0013650788 | MS8: 0.0013497039 | MT8: 0.0013360721 | MU8: 0.0013227137 | MV8: 0.0013095309 | MW8: 0.0013033487 | MX8: 0.0012964465 | MY8: 0.0012869576 | MZ8: 0.0012845344 | NA8: 0.0012811255 | NB8: 0.0012735704 | NC8: 0.0012734414 | ND8: 0.0012725377 | NE8: 0.0012665245 | NF8: 0.0012657418 | NG8: 0.0012645709 | NH8: 0.0012590438 | NI8: 0.0012573928 | NJ8: 0.0012574214 | NK8: 0.0012590133 | NL8: 0.0012547263 | NM8: 0.0012493055 | NN8: 0.0012470025 | NO8: 0.0012448849 | NP8: 0.0012423225 | NQ8: 0.0012376496 | NR8: 0.0012367603 | NS8: 0.0012371887 | NT8: 0.0012357287 | NU8: 0.0012381522 | NV8: 0.0012413912 | NW8: 0.0012379148 | NX8: 0.0012326705 | NY8: 0.0012278737 | NZ8: 0.0012339731 | OA8: 0.0012351391 | OB8: 0.0012328875 | OC8: 0.0012282607 | OD8: 0.0012267735 | OE8: 0.0012273727 | OF8: 0.0012267041 | OG8: 0.0012270062 | OH8: 0.0012277989 | OI8: 0.0012234278 | OJ8: 0.0012213156 | OK8: 0.0012210885 | OL8: 0.0012195964 | OM8: 0.0012207977 | ON8: 0.0012244241 | OO8: 0.0012220387 | OP8: 0.0012224897 | OQ8: 0.0012257769 | OR8: 0.0012250432 | OS8: 0.0012230841 | OT8: 0.0012198414 | OU8: 0.0012217591 | OV8: 0.0012237114 | OW8: 0.001225517 | OX8: 0.0012278802 | OY8: 0.0012312618 | OZ8: 0.0012359022 | PA8: 0.0012416837 | PB8: 0.0012509305 | PC8: 0.001264844 | PD8: 0.0012626757 | PE8: 0.0012611288 | PF8: =(BY8^2)^$PH$3/(IE8^$PH$2*BA8^$PH$5)^$PH$4 -> 0.65998153
A9: WMS15 | B9: 44.5 | C9: 0.0023160714 | D9: 0.0077276686 | E9: 0.0065556112 | F9: 0.006580381 | G9: 0.0016634366 | H9: 0.00135399 | I9: 0.00317215 | J9: 0.0032082047 | K9: 0.0032428141 | L9: 0.0032775569 | M9: 0.0033124813 | N9: 0.0033478007 | O9: 0.003385182 | P9: 0.0034217269 | Q9: 0.0034575971 | R9: 0.0034927003 | S9: 0.0035289895 | T9: 0.0035637709 | U9: 0.0035969919 | V9: 0.0036310851 | W9: 0.00366613 | X9: 0.0037032312 | Y9: 0.003742242 | Z9: 0.0037804261 | AA9: 0.0038152167 | AB9: 0.003846745 | AC9: 0.0038789502 | AD9: 0.0039146162 | AE9: 0.0039531647 | AF9: 0.0039919542 | AG9: 0.0040309023 | AH9: 0.0040681354 | AI9: 0.0041080447 | AJ9: 0.0041512262 | AK9: 0.0041942544 | AL9: 0.0042370775 | AM9: 0.0042814588 | AN9: 0.0067894031 | AO9: 0.0068365909 | AP9: 0.0068843738 | AQ9: 0.0069326386 | AR9: 0.0069835925 | AS9: 0.0070343391 | AT9: 0.0070839174 | AU9: 0.0071350843 | AV9: 0.0071868535 | AW9: 0.0072353517 | AX9: 0.0072818669 | AY9: 0.0073256502 | AZ9: 0.0073694473 | BA9: 0.007412868 | BB9: 0.0074545937 | BC9: 0.0074956472 | BD9: 0.0066540187 | BE9: 0.0066425267 | BF9: 0.0066334363 | BG9: 0.0066241977 | BH9: 0.0066136572 | BI9: 0.0066022671 | BJ9: 0.0065903939 | BK9: 0.0065771979 | BL9: 0.0065657797 | BM9: 0.0065562876 | BN9: 0.0065460052 | BO9: 0.0065360036 | BP9: 0.0065269274 | BQ9: 0.0065196593 | BR9: 0.0065135424 | BS9: 0.0065108182 | BT9: 0.0065069225 | BU9: 0.0065018992 | BV9: 0.0064981575 | BW9: 0.0064954073 | BX9: 0.0064944454 | BY9: 0.0064967697 | BZ9: 0.0065003515 | CA9: 0.0065045363 | CB9: 0.0065097228 | CC9: 0.0065156958 | CD9: 0.0065250003 | CE9: 0.0065346011 | CF9: 0.0065445185 | CG9: 0.0065580406 | CH9: 0.0065729295 | CI9: 0.0065895946 | CJ9: 0.0066047544 | CK9: 0.0066190206 | CL9: 0.0066340042 | CM9: 0.0066482825 | CN9: 0.0066617367 | CO9: 0.0066734006 | CP9: 0.0066834328 | CQ9: 0.0066901275 | CR9: 0.0066888461 | CS9: 0.0066826468 | CT9: 0.0066649533 | CU9: 0.0066383644 | CV9: 0.006604497 | CW9: 0.0065555446 | CX9: 0.0064987656 | CY9: 0.0064304391 | CZ9: 0.0063435894 | DA9: 0.0062526489 | DB9: 0.0061625684 | DC9: 0.0060832083 | DD9: 0.0060099268 | DE9: 0.0059427506 | DF9: 0.0058789007 | DG9: 0.0058182465 | DH9: 0.005760708 | DI9: 0.0057066964 | DJ9: 0.0056585359 | DK9: 0.0056148836 | DL9: 0.0055750414 | DM9: 0.0055450233 | DN9: 0.00551851 | DO9: 0.0054946418 | DP9: 0.0054797268 | DQ9: 0.0054692286 | DR9: 0.0054631618 | DS9: 0.0054631988 | DT9: 0.0054657144 | DU9: 0.004491803 | DV9: 0.0043720922 | DW9: 0.0042452507 | DX9: 0.0041182638 | DY9: 0.0039911214 | DZ9: 0.0038759044 | EA9: 0.0037648219 | EB9: 0.0036590259 | EC9: 0.003539833 | ED9: 0.0034145485 | EE9: 0.0032807573 | EF9: 0.0031612176 | EG9: 0.003049412 | EH9: 0.0029483199 | EI9: 0.0028473311 | EJ9: 0.0027462049 | EK9: 0.0026427704 | EL9: 0.0025376707 | EM9: 0.002431089 | EN9: 0.0023269803 | EO9: 0.0022255861 | EP9: 0.0021275896 | EQ9: 0.0020406786 | ER9: 0.00196645 | ES9: 0.0019132236 | ET9: 0.0018703431 | EU9: 0.001831451 | EV9: 0.0017965526 | EW9: 0.0017672249 | EX9: 0.0017418627 | EY9: 0.0017247631 | EZ9: 0.0017104617 | FA9: 0.001698127 | FB9: 0.0016890507 | FC9: 0.0016804913 | FD9: 0.001672389 | FE9: 0.0016672836 | FF9: 0.0016630155 | FG9: 0.0016596906 | FH9: 0.0016558547 | FI9: 0.0016521512 | FJ9: 0.0016487123 | FK9: 0.0016456109 | FL9: 0.0016430433 | FM9: 0.0016415387 | FN9: 0.0019070878 | FO9: 0.0018854386 | FP9: 0.0018676392 | FQ9: 0.0018408334 | FR9: 0.0018080557 | FS9: 0.001779084 | FT9: 0.0017449274 | FU9: 0.0017067326 | FV9: 0.0016752592 | FW9: 0.001642233 | FX9: 0.0016077124 | FY9: 0.0015768378 | FZ9: 0.001548409 | GA9: 0.0015225898 | GB9: 0.0014983549 | GC9: 0.0014798284 | GD9: 0.0014684834 | GE9: 0.0014508644 | GF9: 0.0014374467 | GG9: 0.0014308597 | GH9: 0.0014222611 | GI9: 0.0014146642 | GJ9: 0.0014091069 | GK9: 0.0014079101 | GL9: 0.0014052855 | GM9: 0.0013985115 | GN9: 0.0013972828 | GO9: 0.0013962764 | GP9: 0.0013932371 | GQ9: 0.0013940172 | GR9: 0.0013942442 | GS9: 0.0013905982 | GT9: 0.0013891319 | GU9: 0.0013879279 | GV9: 0.0013855554 | GW9: 0.0013826525 | GX9: 0.0013804304 | GY9: 0.0013811099 | GZ9: 0.0013768375 | HA9: 0.0013721455 | HB9: 0.0013738373 | HC9: 0.0013725594 | HD9: 0.0013697852 | HE9: 0.0013661968 | HF9: 0.001368443 | HG9: 0.0013732896 | HH9: 0.0013758395 | HI9: 0.0013762774 | HJ9: 0.0013748538 | HK9: 0.0013688747 | HL9: 0.001368692 | HM9: =((DW9/LY9)/(BA9/DX9))^0.3*(CA9/IB9)/(BA9/CA9) -> 1.0951551 | HN9: 0.0057170598 | HO9: 0.0057609764 | HP9: 0.0057966438 | HQ9: 0.0058202076 | HR9: 0.0058330767 | HS9: 0.0058404696 | HT9: 0.0058390302 | HU9: 0.0058279882 | HV9: 0.0058106655 | HW9: 0.0057789406 | HX9: 0.0057385117 | HY9: 0.0056917244 | HZ9: 0.0056349446 | IA9: 0.0055718783 | IB9: 0.0055021523 | IC9: 0.0054222079 | ID9: 0.0053376234 | IE9: 0.0052463548 | IF9: 0.0051466935 | IG9: 0.0050440995 | IH9: 0.0049389857 | II9: 0.0048307819 | IJ9: 0.0047207919 | IK9: 0.0046083331 | IL9: 0.004491803 | IM9: 0.0043720922 | IN9: 0.0026427704 | IO9: 0.0025376707 | IP9: 0.002431089 | IQ9: 0.0023269803 | IR9: 0.0022255861 | IS9: 0.0021275896 | IT9: 0.0020406786 | IU9: 0.00196645 | IV9: 0.0019132236 | IW9: 0.0018703431 | IX9: 0.001831451 | IY9: 0.0017965526 | IZ9: 0.0017672249 | JA9: 0.0017418627 | JB9: 0.0017247631 | JC9: 0.0017104617 | JD9: 0.001698127 | JE9: 0.0016890507 | JF9: 0.0016804913 | JG9: 0.001672389 | JH9: 0.0016672836 | JI9: 0.0016630155 | JJ9: 0.0016596906 | JK9: 0.0016558547 | JL9: 0.0016521512 | JM9: 0.0016487123 | JN9: 0.0016456109 | JO9: 0.0016430433 | JP9: 0.0016415387 | JQ9: 0.0016398125 | JR9: 0.0016388958 | JS9: 0.0016407408 | JT9: 0.0016583969 | JU9: 0.0016810816 | JV9: 0.0016967886 | JW9: 0.0017036644 | JX9: 0.0017041571 | JY9: 0.0016938695 | JZ9: 0.0016810739 | KA9: 0.0016664864 | KB9: 0.001655159 | KC9: 0.0016474518 | KD9: 0.0016433633 | KE9: 0.0016439743 | KF9: 0.0016466075 | KG9: 0.0016516301 | KH9: 0.0016538046 | KI9: 0.0016575495 | KJ9: 0.0016645028 | KK9: 0.0016722715 | KL9: 0.001679082 | KM9: 0.0016834157 | KN9: 0.0016918267 | KO9: 0.0017003569 | KP9: 0.0017057928 | KQ9: 0.0017137753 | KR9: 0.0017232936 | KS9: 0.001735095 | KT9: 0.0017452828 | KU9: 0.0017551345 | KV9: 0.0017678042 | KW9: 0.0017794012 | KX9: 0.0017902219 | KY9: 0.0018001266 | KZ9: 0.0018131001 | LA9: 0.0018283699 | LB9: 0.0018399163 | LC9: 0.0018512282 | LD9: 0.0018623146 | LE9: 0.0018763185 | LF9: 0.0018888757 | LG9: 0.001899665 | LH9: 0.0019138898 | LI9: 0.001926902 | LJ9: 0.0019377972 | LK9: 0.0019458674 | LL9: 0.0019538276 | LM9: 0.001962277 | LN9: 0.0019696312 | LO9: 0.0019747842 | LP9: 0.0019757032 | LQ9: 0.001980514 | LR9: 0.0019842467 | LS9: 0.0019822672 | LT9: 0.0019816117 | LU9: 0.0019796231 | LV9: 0.0019716938 | LW9: 0.0019724688 | LX9: 0.0019747511 | LY9: 0.0019683028 | LZ9: 0.0019569896 | MA9: 0.0019429407 | MB9: 0.0019269458 | MC9: 0.0019070878 | MD9: 0.0018854386 | ME9: 0.0018676392 | MF9: 0.0018408334 | MG9: 0.0018080557 | MH9: 0.001779084 | MI9: 0.0017449274 | MJ9: 0.0017067326 | MK9: 0.0016752592 | ML9: 0.001642233 | MM9: 0.0016077124 | MN9: 0.0015768378 | MO9: 0.001548409 | MP9: 0.0015225898 | MQ9: 0.0014983549 | MR9: 0.0014798284 | MS9: 0.0014684834 | MT9: 0.0014508644 | MU9: 0.0014374467 | MV9: 0.0014308597 | MW9: 0.0014222611 | MX9: 0.0014146642 | MY9: 0.0014091069 | MZ9: 0.0014079101 | NA9: 0.0014052855 | NB9: 0.0013985115 | NC9: 0.0013972828 | ND9: 0.0013962764 | NE9: 0.0013932371 | NF9: 0.0013940172 | NG9: 0.0013942442 | NH9: 0.0013905982 | NI9: 0.0013891319 | NJ9: 0.0013879279 | NK9: 0.0013855554 | NL9: 0.0013826525 | NM9: 0.0013804304 | NN9: 0.0013811099 | NO9: 0.0013768375 | NP9: 0.0013721455 | NQ9: 0.0013738373 | NR9: 0.0013725594 | NS9: 0.0013697852 | NT9: 0.0013661968 | NU9: 0.001368443 | NV9: 0.0013732896 | NW9: 0.0013758395 | NX9: 0.0013762774 | NY9: 0.0013748538 | NZ9: 0.0013688747 | OA9: 0.001368692 | OB9: 0.0013718901 | OC9: 0.0013721591 | OD9: 0.0013693741 | OE9: 0.0013646924 | OF9: 0.0013630057 | OG9: 0.0013632996 | OH9: 0.0013649129 | OI9: 0.001362031 | OJ9: 0.0013582003 | OK9: 0.0013538757 | OL9: 0.0013597158 | OM9: 0.0013636622 | ON9: 0.001365809 | OO9: 0.0013628573 | OP9: 0.0013629563 | OQ9: 0.0013661057 | OR9: 0.0013636785 | OS9: 0.0013628325 | OT9: 0.0013637606 | OU9: 0.0013669666 | OV9: 0.0013703944 | OW9: 0.001374 | OX9: 0.0013689567 | OY9: 0.0013690983 | OZ9: 0.0013764184 | PA9: 0.0013798544 | PB9: 0.0013882614 | PC9: 0.0014039367 | PD9: 0.0013964981 | PE9: 0.0013967677 | PF9: =(BY9^2)^$PH$3/(IE9^$PH$2*BA9^$PH$5)^$PH$4 -> 0.60395897
A10: WMS16 | B10: 41.75 | C10: 0.0037734273 | D10: 0.0084263207 | E10: 0.007149466 | F10: 0.0070524821 | G10: 0.002697838 | H10: 0.0022230211 | I10: 0.0043485303 | J10: 0.0043747641 | K10: 0.0043949538 | L10: 0.0044146682 | M10: 0.004433789 | N10: 0.0044573111 | O10: 0.0044839569 | P10: 0.0045097297 | Q10: 0.0045343008 | R10: 0.0045574852 | S10: 0.0045806838 | T10: 0.0046023767 | U10: 0.004624043 | V10: 0.0046441505 | W10: 0.0046625758 | X10: 0.0047127533 | Y10: 0.0047699446 | Z10: 0.004821758 | AA10: 0.004857377 | AB10: 0.004877435 | AC10: 0.0049037836 | AD10: 0.004937929 | AE10: 0.0049880791 | AF10: 0.0050300704 | AG10: 0.0050653491 | AH10: 0.0051057383 | AI10: 0.0051474014 | AJ10: 0.0051859738 | AK10: 0.0052230096 | AL10: 0.005258921 | AM10: 0.0053016548 | AN10: 0.0074931176 | AO10: 0.0075351884 | AP10: 0.0075795316 | AQ10: 0.0076257289 | AR10: 0.0076723537 | AS10: 0.0077192909 | AT10: 0.0077667317 | AU10: 0.0078164738 | AV10: 0.0078674692 | AW10: 0.0079208937 | AX10: 0.0079716819 | AY10: 0.008018836 | AZ10: 0.0080638736 | BA10: 0.0081072074 | BB10: 0.0081452259 | BC10: 0.0081869836 | BD10: 0.007264434 | BE10: 0.0072540228 | BF10: 0.007239156 | BG10: 0.0072240371 | BH10: 0.0072099833 | BI10: 0.0071967848 | BJ10: 0.0071842864 | BK10: 0.0071748463 | BL10: 0.0071645582 | BM10: 0.0071533517 | BN10: 0.0071398639 | BO10: 0.0071258122 | BP10: 0.0071110687 | BQ10: 0.0071001954 | BR10: 0.0070912237 | BS10: 0.0070844475 | BT10: 0.0070776593 | BU10: 0.0070708575 | BV10: 0.007059979 | BW10: 0.0070510586 | BX10: 0.0070468354 | BY10: 0.0070413067 | BZ10: 0.0070361374 | CA10: 0.0070356252 | CB10: 0.0070319752 | CC10: 0.0070258593 | CD10: 0.007028107 | CE10: 0.0070309423 | CF10: 0.0070343156 | CG10: 0.0070391033 | CH10: 0.0070450329 | CI10: 0.0070539528 | CJ10: 0.0070640117 | CK10: 0.0070745197 | CL10: 0.0070790724 | CM10: 0.0070843306 | CN10: 0.0070904205 | CO10: 0.0070956581 | CP10: 0.0070993956 | CQ10: 0.0070997749 | CR10: 0.0070986923 | CS10: 0.0070942691 | CT10: 0.0070711003 | CU10: 0.0070400825 | CV10: 0.0070026419 | CW10: 0.0069440706 | CX10: 0.0068890757 | CY10: 0.0068406612 | CZ10: 0.0067637532 | DA10: 0.0066801135 | DB10: 0.0065963214 | DC10: 0.006516596 | DD10: 0.0064395411 | DE10: 0.0063688183 | DF10: 0.0063033816 | DG10: 0.0062430237 | DH10: 0.0061862386 | DI10: 0.0061337008 | DJ10: 0.0060882337 | DK10: 0.0060453264 | DL10: 0.0060062566 | DM10: 0.0059790616 | DN10: 0.0059598781 | DO10: 0.0059460289 | DP10: 0.0059431799 | DQ10: 0.005940948 | DR10: 0.0059393477 | DS10: 0.0059495249 | DT10: 0.0059621 | DU10: 0.0052597365 | DV10: 0.0051333222 | DW10: 0.0049969743 | DX10: 0.0048705643 | DY10: 0.0047549225 | DZ10: 0.0046351926 | EA10: 0.0045270891 | EB10: 0.004439399 | EC10: 0.0043672952 | ED10: 0.004293789 | EE10: 0.0042072521 | EF10: 0.0040677965 | EG10: 0.0039053427 | EH10: 0.0037310922 | EI10: 0.0036075557 | EJ10: 0.0035222562 | EK10: 0.0035192301 | EL10: 0.003508105 | EM10: 0.0034897921 | EN10: 0.003398293 | EO10: 0.0033009578 | EP10: 0.0031981029 | EQ10: 0.003095825 | ER10: 0.0030076341 | ES10: 0.0029454654 | ET10: 0.002901587 | EU10: 0.0028636225 | EV10: 0.0028294792 | EW10: 0.0028018246 | EX10: 0.0027779623 | EY10: 0.002759685 | EZ10: 0.0027466519 | FA10: 0.0027365859 | FB10: 0.0027253699 | FC10: 0.0027178807 | FD10: 0.0027133921 | FE10: 0.0027037251 | FF10: 0.0026974169 | FG10: 0.0026948953 | FH10: 0.0026893863 | FI10: 0.0026840478 | FJ10: 0.0026793254 | FK10: 0.0026729974 | FL10: 0.0026668458 | FM10: 0.0026617247 | FN10: 0.002833631 | FO10: 0.0028165555 | FP10: 0.0028010618 | FQ10: 0.0027847569 | FR10: 0.0027663484 | FS10: 0.0027274782 | FT10: 0.0026921218 | FU10: 0.0026598152 | FV10: 0.0026332895 | FW10: 0.0026028131 | FX10: 0.0025685386 | FY10: 0.0025385739 | FZ10: 0.0025123015 | GA10: 0.0024899817 | GB10: 0.0024694307 | GC10: 0.0024517805 | GD10: 0.0024377288 | GE10: 0.0024200449 | GF10: 0.0024047334 | GG10: 0.0023932905 | GH10: 0.0023797799 | GI10: 0.0023695028 | GJ10: 0.0023649177 | GK10: 0.0023593942 | GL10: 0.0023533793 | GM10: 0.0023467067 | GN10: 0.0023401364 | GO10: 0.0023327211 | GP10: 0.002323379 | GQ10: 0.0023235164 | GR10: 0.0023242028 | GS10: 0.0023202112 | GT10: 0.0023143251 | GU10: 0.0023102329 | GV10: 0.0023132181 | GW10: 0.0023111603 | GX10: 0.0023059631 | GY10: 0.0022961867 | GZ10: 0.0022932546 | HA10: 0.002292916 | HB10: 0.0022917415 | HC10: 0.0022903112 | HD10: 0.0022882 | HE10: 0.0022833034 | HF10: 0.0022748802 | HG10: 0.0022666647 | HH10: 0.0022699206 | HI10: 0.0022715052 | HJ10: 0.0022697415 | HK10: 0.002250621 | HL10: 0.0022496393 | HM10: =((DW10/LY10)/(BA10/DX10))^0.3*(CA10/IB10)/(BA10/CA10) -> 1.01417 | HN10: 0.0062437954 | HO10: 0.00630381 | HP10: 0.0063538786 | HQ10: 0.0063882688 | HR10: 0.0064079655 | HS10: 0.0064188315 | HT10: 0.0064141976 | HU10: 0.0064064232 | HV10: 0.0063941937 | HW10: 0.0063636665 | HX10: 0.006324656 | HY10: 0.0062794579 | HZ10: 0.0062248345 | IA10: 0.0061659693 | IB10: 0.0061026595 | IC10: 0.0060320015 | ID10: 0.0059571651 | IE10: 0.0058760217 | IF10: 0.0057969219 | IG10: 0.005718479 | IH10: 0.0056404577 | II10: 0.0055554965 | IJ10: 0.0054665703 | IK10: 0.0053724164 | IL10: 0.0052597365 | IM10: 0.0051333222 | IN10: 0.0035192301 | IO10: 0.003508105 | IP10: 0.0034897921 | IQ10: 0.003398293 | IR10: 0.0033009578 | IS10: 0.0031981029 | IT10: 0.003095825 | IU10: 0.0030076341 | IV10: 0.0029454654 | IW10: 0.002901587 | IX10: 0.0028636225 | IY10: 0.0028294792 | IZ10: 0.0028018246 | JA10: 0.0027779623 | JB10: 0.002759685 | JC10: 0.0027466519 | JD10: 0.0027365859 | JE10: 0.0027253699 | JF10: 0.0027178807 | JG10: 0.0027133921 | JH10: 0.0027037251 | JI10: 0.0026974169 | JJ10: 0.0026948953 | JK10: 0.0026893863 | JL10: 0.0026840478 | JM10: 0.0026793254 | JN10: 0.0026729974 | JO10: 0.0026668458 | JP10: 0.0026617247 | JQ10: 0.0026573958 | JR10: 0.0026471593 | JS10: 0.0026175089 | JT10: 0.0025930696 | JU10: 0.0025834574 | JV10: 0.0026358448 | JW10: 0.0026489257 | JX10: 0.0026445816 | JY10: 0.0026911651 | JZ10: 0.0027160108 | KA10: 0.0027239673 | KB10: 0.0027160798 | KC10: 0.0027045842 | KD10: 0.0026894789 | KE10: 0.0026718441 | KF10: 0.0026563369 | KG10: 0.0026436376 | KH10: 0.0026397333 | KI10: 0.0026395683 | KJ10: 0.0026441022 | KK10: 0.0026453784 | KL10: 0.0026471287 | KM10: 0.0026513167 | KN10: 0.0026572237 | KO10: 0.0026637527 | KP10: 0.002670692 | KQ10: 0.0026747939 | KR10: 0.0026791759 | KS10: 0.0026894129 | KT10: 0.0026963034 | KU10: 0.0027019121 | KV10: 0.0027097731 | KW10: 0.0027176303 | KX10: 0.0027258049 | KY10: 0.0027372127 | KZ10: 0.0027490761 | LA10: 0.0027612272 | LB10: 0.0027711061 | LC10: 0.0027833598 | LD10: 0.0027978951 | LE10: 0.0028130123 | LF10: 0.0028236263 | LG10: 0.0028289403 | LH10: 0.0028411408 | LI10: 0.002853294 | LJ10: 0.0028646333 | LK10: 0.0028693666 | LL10: 0.0028743378 | LM10: 0.0028813334 | LN10: 0.0028901714 | LO10: 0.0028962386 | LP10: 0.002895672 | LQ10: 0.0028967426 | LR10: 0.0028974476 | LS10: 0.0028959876 | LT10: 0.0028932982 | LU10: 0.0028897322 | LV10: 0.0028846037 | LW10: 0.0028764265 | LX10: 0.0028688608 | LY10: 0.0028692112 | LZ10: 0.0028639944 | MA10: 0.0028559774 | MB10: 0.0028476091 | MC10: 0.002833631 | MD10: 0.0028165555 | ME10: 0.0028010618 | MF10: 0.0027847569 | MG10: 0.0027663484 | MH10: 0.0027274782 | MI10: 0.0026921218 | MJ10: 0.0026598152 | MK10: 0.0026332895 | ML10: 0.0026028131 | MM10: 0.0025685386 | MN10: 0.0025385739 | MO10: 0.0025123015 | MP10: 0.0024899817 | MQ10: 0.0024694307 | MR10: 0.0024517805 | MS10: 0.0024377288 | MT10: 0.0024200449 | MU10: 0.0024047334 | MV10: 0.0023932905 | MW10: 0.0023797799 | MX10: 0.0023695028 | MY10: 0.0023649177 | MZ10: 0.0023593942 | NA10: 0.0023533793 | NB10: 0.0023467067 | NC10: 0.0023401364 | ND10: 0.0023327211 | NE10: 0.002323379 | NF10: 0.0023235164 | NG10: 0.0023242028 | NH10: 0.0023202112 | NI10: 0.0023143251 | NJ10: 0.0023102329 | NK10: 0.0023132181 | NL10: 0.0023111603 | NM10: 0.0023059631 | NN10: 0.0022961867 | NO10: 0.0022932546 | NP10: 0.002292916 | NQ10: 0.0022917415 | NR10: 0.0022903112 | NS10: 0.0022882 | NT10: 0.0022833034 | NU10: 0.0022748802 | NV10: 0.0022666647 | NW10: 0.0022699206 | NX10: 0.0022715052 | NY10: 0.0022697415 | NZ10: 0.002250621 | OA10: 0.0022496393 | OB10: 0.0022590229 | OC10: 0.0022573216 | OD10: 0.0022554334 | OE10: 0.0022535248 | OF10: 0.0022530695 | OG10: 0.0022455209 | OH10: 0.0022330054 | OI10: 0.0022320166 | OJ10: 0.0022284542 | OK10: 0.0022229069 | OL10: 0.0022240644 | OM10: 0.0022246856 | ON10: 0.0022247797 | OO10: 0.0022217031 | OP10: 0.0022166808 | OQ10: 0.0022097128 | OR10: 0.0022101167 | OS10: 0.0022114155 | OT10: 0.0022136033 | OU10: 0.0022105622 | OV10: 0.0022112885 | OW10: 0.0022166273 | OX10: 0.0022156998 | OY10: 0.0022167008 | OZ10: 0.0022205757 | PA10: 0.0022279545 | PB10: 0.0022292841 | PC10: 0.002221896 | PD10: 0.0022150162 | PE10: 0.0022103046 | PF10: =(BY10^2)^$PH$3/(IE10^$PH$2*BA10^$PH$5)^$PH$4 -> 0.48643713
A11: WMS17 | B11: 46.5 | C11: 0.015588019 | D11: 0.019346566 | E11: 0.017943481 | F11: 0.017384198 | G11: 0.01561966 | H11: 0.015419504 | I11: 0.016971299 | J11: 0.017027917 | K11: 0.017051521 | L11: 0.017036481 | M11: 0.016972262 | N11: 0.016934362 | O11: 0.016907035 | P11: 0.016893929 | Q11: 0.016898683 | R11: 0.016924414 | S11: 0.017021863 | T11: 0.017150065 | U11: 0.017362716 | V11: 0.017564566 | W11: 0.017754718 | X11: 0.017767619 | Y11: 0.017733116 | Z11: 0.017639411 | AA11: 0.017618801 | AB11: 0.017668417 | AC11: 0.017701475 | AD11: 0.017728291 | AE11: 0.017735535 | AF11: 0.017740595 | AG11: 0.017743849 | AH11: 0.017718981 | AI11: 0.017681474 | AJ11: 0.017611814 | AK11: 0.017569275 | AL11: 0.017544758 | AM11: 0.01746841 | AN11: 0.017979908 | AO11: 0.018076441 | AP11: 0.018184481 | AQ11: 0.018301931 | AR11: 0.018380947 | AS11: 0.01849177 | AT11: 0.018684483 | AU11: 0.018863457 | AV11: 0.019032665 | AW11: 0.019145033 | AX11: 0.019210005 | AY11: 0.01920953 | AZ11: 0.019237294 | BA11: 0.019272538 | BB11: 0.019309725 | BC11: 0.019345054 | BD11: 0.018527644 | BE11: 0.018519319 | BF11: 0.018501294 | BG11: 0.018481317 | BH11: 0.018460054 | BI11: 0.018440008 | BJ11: 0.0184154 | BK11: 0.018331365 | BL11: 0.018216266 | BM11: 0.018067515 | BN11: 0.017933951 | BO11: 0.017822288 | BP11: 0.017759645 | BQ11: 0.017711231 | BR11: 0.017667671 | BS11: 0.017612922 | BT11: 0.017549693 | BU11: 0.017478317 | BV11: 0.017442883 | BW11: 0.017409872 | BX11: 0.017375435 | BY11: 0.017345745 | BZ11: 0.017315897 | CA11: 0.017275725 | CB11: 0.0172539 | CC11: 0.017246492 | CD11: 0.017247299 | CE11: 0.017250994 | CF11: 0.017258986 | CG11: 0.017310617 | CH11: 0.017376791 | CI11: 0.017456661 | CJ11: 0.017520501 | CK11: 0.017575237 | CL11: 0.017647286 | CM11: 0.01773908 | CN11: 0.017854057 | CO11: 0.017992255 | CP11: 0.018125735 | CQ11: 0.018239168 | CR11: 0.018287977 | CS11: 0.018312019 | CT11: 0.018346578 | CU11: 0.018380091 | CV11: 0.018412749 | CW11: 0.018648461 | CX11: 0.01882639 | CY11: 0.01890408 | CZ11: 0.018714729 | DA11: 0.018487425 | DB11: 0.018342774 | DC11: 0.018212499 | DD11: 0.018095465 | DE11: 0.018045238 | DF11: 0.017989431 | DG11: 0.017928262 | DH11: 0.017876406 | DI11: 0.017824445 | DJ11: 0.017771049 | DK11: 0.017722814 | DL11: 0.017681361 | DM11: 0.017660263 | DN11: 0.017624142 | DO11: 0.017579938 | DP11: 0.017540625 | DQ11: 0.017505341 | DR11: 0.017474104 | DS11: 0.017445826 | DT11: 0.017419396 | DU11: 0.018028561 | DV11: 0.018023723 | DW11: 0.018030368 | DX11: 0.018064192 | DY11: 0.018127462 | DZ11: 0.018139554 | EA11: 0.018063738 | EB11: 0.017845832 | EC11: 0.017570035 | ED11: 0.017287308 | EE11: 0.017020209 | EF11: 0.016940348 | EG11: 0.01692981 | EH11: 0.016902242 | EI11: 0.016886379 | EJ11: 0.016875042 | EK11: 0.016833235 | EL11: 0.016760543 | EM11: 0.016660458 | EN11: 0.01662168 | EO11: 0.01655458 | EP11: 0.016449847 | EQ11: 0.016339454 | ER11: 0.016215436 | ES11: 0.016067405 | ET11: 0.015927652 | EU11: 0.015822941 | EV11: 0.015812082 | EW11: 0.015780009 | EX11: 0.015742228 | EY11: 0.01571889 | EZ11: 0.0156881 | FA11: 0.015655303 | FB11: 0.015646455 | FC11: 0.0156385 | FD11: 0.015631345 | FE11: 0.015630528 | FF11: 0.015619239 | FG11: 0.01559614 | FH11: 0.015588854 | FI11: 0.015578607 | FJ11: 0.015561867 | FK11: 0.015563875 | FL11: 0.015568796 | FM11: 0.015572844 | FN11: 0.015888663 | FO11: 0.015997325 | FP11: 0.015913605 | FQ11: 0.015825282 | FR11: 0.015742536 | FS11: 0.015776371 | FT11: 0.015801339 | FU11: 0.015815643 | FV11: 0.015719823 | FW11: 0.015652012 | FX11: 0.015611107 | FY11: 0.015591968 | FZ11: 0.015541659 | GA11: 0.015457345 | GB11: 0.015454611 | GC11: 0.015447072 | GD11: 0.015429093 | GE11: 0.015431897 | GF11: 0.015424746 | GG11: 0.01540067 | GH11: 0.015408889 | GI11: 0.01541429 | GJ11: 0.015408581 | GK11: 0.015389632 | GL11: 0.015369134 | GM11: 0.015349811 | GN11: 0.015349489 | GO11: 0.01535869 | GP11: 0.015380422 | GQ11: 0.015354431 | GR11: 0.015330559 | GS11: 0.015342824 | GT11: 0.015377722 | GU11: 0.015381888 | GV11: 0.015273571 | GW11: 0.01526307 | GX11: 0.015291187 | GY11: 0.015333531 | GZ11: 0.015351934 | HA11: 0.015362419 | HB11: 0.015380325 | HC11: 0.015376622 | HD11: 0.015371749 | HE11: 0.015408543 | HF11: 0.015453299 | HG11: 0.015481689 | HH11: 0.015394099 | HI11: 0.015353665 | HJ11: 0.015346549 | HK11: 0.015380672 | HL11: 0.015393474 | HM11: =((DW11/LY11)/(BA11/DX11))^0.3*(CA11/IB11)/(BA11/CA11) -> 0.87678329 | HN11: 0.018191718 | HO11: 0.018289951 | HP11: 0.018321648 | HQ11: 0.018267949 | HR11: 0.01819257 | HS11: 0.018134825 | HT11: 0.018133055 | HU11: 0.018117075 | HV11: 0.018079659 | HW11: 0.017952117 | HX11: 0.017880908 | HY11: 0.017851157 | HZ11: 0.017896241 | IA11: 0.017936151 | IB11: 0.017970607 | IC11: 0.01794656 | ID11: 0.01789835 | IE11: 0.017816213 | IF11: 0.017773448 | IG11: 0.017753946 | IH11: 0.01777469 | II11: 0.017836619 | IJ11: 0.017917082 | IK11: 0.017997704 | IL11: 0.018028561 | IM11: 0.018023723 | IN11: 0.016833235 | IO11: 0.016760543 | IP11: 0.016660458 | IQ11: 0.01662168 | IR11: 0.01655458 | IS11: 0.016449847 | IT11: 0.016339454 | IU11: 0.016215436 | IV11: 0.016067405 | IW11: 0.015927652 | IX11: 0.015822941 | IY11: 0.015812082 | IZ11: 0.015780009 | JA11: 0.015742228 | JB11: 0.01571889 | JC11: 0.0156881 | JD11: 0.015655303 | JE11: 0.015646455 | JF11: 0.0156385 | JG11: 0.015631345 | JH11: 0.015630528 | JI11: 0.015619239 | JJ11: 0.01559614 | JK11: 0.015588854 | JL11: 0.015578607 | JM11: 0.015561867 | JN11: 0.015563875 | JO11: 0.015568796 | JP11: 0.015572844 | JQ11: 0.015579891 | JR11: 0.015642965 | JS11: 0.015880776 | JT11: 0.0160047 | JU11: 0.015996818 | JV11: 0.015572533 | JW11: 0.015420204 | JX11: 0.015425611 | JY11: 0.015413125 | JZ11: 0.01546242 | KA11: 0.015558611 | KB11: 0.015664155 | KC11: 0.015736238 | KD11: 0.01577486 | KE11: 0.015783869 | KF11: 0.015776653 | KG11: 0.015749953 | KH11: 0.015735097 | KI11: 0.015720038 | KJ11: 0.015702391 | KK11: 0.015708159 | KL11: 0.015717466 | KM11: 0.015724726 | KN11: 0.015727344 | KO11: 0.015731312 | KP11: 0.015743255 | KQ11: 0.015749514 | KR11: 0.015755645 | KS11: 0.015770609 | KT11: 0.01578861 | KU11: 0.015806 | KV11: 0.015810447 | KW11: 0.015819428 | KX11: 0.015830908 | KY11: 0.015838336 | KZ11: 0.015843221 | LA11: 0.015845915 | LB11: 0.015842323 | LC11: 0.015852221 | LD11: 0.015875082 | LE11: 0.01586967 | LF11: 0.015880859 | LG11: 0.015912214 | LH11: 0.015914216 | LI11: 0.015916583 | LJ11: 0.015922656 | LK11: 0.015929448 | LL11: 0.015929161 | LM11: 0.015916113 | LN11: 0.015930981 | LO11: 0.015949614 | LP11: 0.015964947 | LQ11: 0.015970509 | LR11: 0.015975691 | LS11: 0.015986866 | LT11: 0.016016958 | LU11: 0.0160447 | LV11: 0.016043468 | LW11: 0.016035916 | LX11: 0.016015608 | LY11: 0.015951918 | LZ11: 0.015913403 | MA11: 0.015882724 | MB11: 0.015826157 | MC11: 0.015888663 | MD11: 0.015997325 | ME11: 0.015913605 | MF11: 0.015825282 | MG11: 0.015742536 | MH11: 0.015776371 | MI11: 0.015801339 | MJ11: 0.015815643 | MK11: 0.015719823 | ML11: 0.015652012 | MM11: 0.015611107 | MN11: 0.015591968 | MO11: 0.015541659 | MP11: 0.015457345 | MQ11: 0.015454611 | MR11: 0.015447072 | MS11: 0.015429093 | MT11: 0.015431897 | MU11: 0.015424746 | MV11: 0.01540067 | MW11: 0.015408889 | MX11: 0.01541429 | MY11: 0.015408581 | MZ11: 0.015389632 | NA11: 0.015369134 | NB11: 0.015349811 | NC11: 0.015349489 | ND11: 0.01535869 | NE11: 0.015380422 | NF11: 0.015354431 | NG11: 0.015330559 | NH11: 0.015342824 | NI11: 0.015377722 | NJ11: 0.015381888 | NK11: 0.015273571 | NL11: 0.01526307 | NM11: 0.015291187 | NN11: 0.015333531 | NO11: 0.015351934 | NP11: 0.015362419 | NQ11: 0.015380325 | NR11: 0.015376622 | NS11: 0.015371749 | NT11: 0.015408543 | NU11: 0.015453299 | NV11: 0.015481689 | NW11: 0.015394099 | NX11: 0.015353665 | NY11: 0.015346549 | NZ11: 0.015380672 | OA11: 0.015393474 | OB11: 0.015394621 | OC11: 0.015413553 | OD11: 0.015415072 | OE11: 0.015405677 | OF11: 0.015412059 | OG11: 0.015412957 | OH11: 0.015409916 | OI11: 0.015413906 | OJ11: 0.015417367 | OK11: 0.015419389 | OL11: 0.015389463 | OM11: 0.015393402 | ON11: 0.015428238 | OO11: 0.01542707 | OP11: 0.015419754 | OQ11: 0.01540629 | OR11: 0.01538368 | OS11: 0.01537204 | OT11: 0.015372384 | OU11: 0.015411025 | OV11: 0.01543059 | OW11: 0.015426373 | OX11: 0.015469942 | OY11: 0.01551214 | OZ11: 0.015549391 | PA11: 0.015535129 | PB11: 0.015501388 | PC11: 0.015446101 | PD11: 0.015416288 | PE11: 0.015373299 | PF11: =(BY11^2)^$PH$3/(IE11^$PH$2*BA11^$PH$5)^$PH$4 -> 0.21416825
A12: WMS18 | B12: 43.5 | C12: 0.002362873 | D12: 0.010368523 | E12: 0.0086316842 | F12: 0.0086830122 | G12: 0.0020298277 | H12: 0.0016980172 | I12: 0.0038753619 | J12: 0.0039249193 | K12: 0.0039709447 | L12: 0.0040171745 | M12: 0.00406367 | N12: 0.0041097567 | O12: 0.0041573198 | P12: 0.0042043353 | Q12: 0.0042497774 | R12: 0.0042933879 | S12: 0.0043374441 | T12: 0.0043801266 | U12: 0.0044214113 | V12: 0.0044638717 | W12: 0.0045076103 | X12: 0.004556055 | Y12: 0.0046068845 | Z12: 0.004657906 | AA12: 0.0047027047 | AB12: 0.004741523 | AC12: 0.0047855172 | AD12: 0.0048338569 | AE12: 0.0048871349 | AF12: 0.0049404419 | AG12: 0.0049937423 | AH12: 0.0050447614 | AI12: 0.0050987116 | AJ12: 0.0051575829 | AK12: 0.0052176129 | AL12: 0.0052783334 | AM12: 0.0053404654 | AN12: 0.0089918962 | AO12: 0.0090649231 | AP12: 0.0091388063 | AQ12: 0.0092133852 | AR12: 0.0092907523 | AS12: 0.0093668792 | AT12: 0.0094394106 | AU12: 0.009511673 | AV12: 0.0095839441 | AW12: 0.0096590392 | AX12: 0.009733361 | AY12: 0.0098066209 | AZ12: 0.0098743052 | BA12: 0.0099395858 | BB12: 0.0100003 | BC12: 0.010060178 | BD12: 0.0087870007 | BE12: 0.0087701836 | BF12: 0.0087527224 | BG12: 0.0087351048 | BH12: 0.0087173342 | BI12: 0.008698974 | BJ12: 0.0086806385 | BK12: 0.0086654158 | BL12: 0.008650213 | BM12: 0.0086350321 | BN12: 0.0086220953 | BO12: 0.0086102703 | BP12: 0.008600487 | BQ12: 0.0085927049 | BR12: 0.0085859866 | BS12: 0.0085811315 | BT12: 0.0085780129 | BU12: 0.0085765608 | BV12: 0.0085744261 | BW12: 0.0085738011 | BX12: 0.0085763631 | BY12: 0.0085773992 | BZ12: 0.0085788619 | CA12: 0.0085858013 | CB12: 0.0085943026 | CC12: 0.0086040309 | CD12: 0.0086149846 | CE12: 0.0086274204 | CF12: 0.0086422135 | CG12: 0.0086586003 | CH12: 0.0086755702 | CI12: 0.0086932594 | CJ12: 0.0087110843 | CK12: 0.0087289505 | CL12: 0.0087458309 | CM12: 0.0087613659 | CN12: 0.0087753254 | CO12: 0.0087861231 | CP12: 0.0087941232 | CQ12: 0.0087964328 | CR12: 0.0087916084 | CS12: 0.0087813836 | CT12: 0.0087541335 | CU12: 0.0087144535 | CV12: 0.0086646029 | CW12: 0.0085900149 | CX12: 0.0085034685 | CY12: 0.008399379 | CZ12: 0.0082809819 | DA12: 0.0081592709 | DB12: 0.0080377104 | DC12: 0.007922754 | DD12: 0.0078121243 | DE12: 0.0077118378 | DF12: 0.0076141513 | DG12: 0.0075189628 | DH12: 0.0074315897 | DI12: 0.00734903 | DJ12: 0.0072739796 | DK12: 0.0072081023 | DL12: 0.007147921 | DM12: 0.0070999939 | DN12: 0.007060436 | DO12: 0.0070266661 | DP12: 0.0070072504 | DQ12: 0.0069939737 | DR12: 0.0069868504 | DS12: 0.0069916885 | DT12: 0.0070016314 | DU12: 0.0058684849 | DV12: 0.005707859 | DW12: 0.0055393911 | DX12: 0.0053719472 | DY12: 0.0052056145 | DZ12: 0.0050494552 | EA12: 0.0048982392 | EB12: 0.004753946 | EC12: 0.0045987906 | ED12: 0.004434954 | EE12: 0.0042541045 | EF12: 0.0040919207 | EG12: 0.0039409256 | EH12: 0.0038091296 | EI12: 0.0036744915 | EJ12: 0.0035386229 | EK12: 0.0034086354 | EL12: 0.0032702635 | EM12: 0.0031244509 | EN12: 0.0029767281 | EO12: 0.00283299 | EP12: 0.0026943801 | EQ12: 0.0025793567 | ER12: 0.0024789388 | ES12: 0.0024002248 | ET12: 0.0023309151 | EU12: 0.0022683976 | EV12: 0.0022185238 | EW12: 0.002176521 | EX12: 0.0021401723 | EY12: 0.0021157426 | EZ12: 0.0020946357 | FA12: 0.0020760901 | FB12: 0.0020636984 | FC12: 0.0020524917 | FD12: 0.0020422918 | FE12: 0.0020354082 | FF12: 0.0020294067 | FG12: 0.0020243988 | FH12: 0.0020192534 | FI12: 0.0020135537 | FJ12: 0.0020070005 | FK12: 0.0020044303 | FL12: 0.0020017979 | FM12: 0.0019974703 | FN12: 0.0024158109 | FO12: 0.0023923197 | FP12: 0.0023713996 | FQ12: 0.0023327373 | FR12: 0.0022823293 | FS12: 0.002239669 | FT12: 0.0021974314 | FU12: 0.002155322 | FV12: 0.0021063095 | FW12: 0.0020581588 | FX12: 0.0020108338 | FY12: 0.0019676352 | FZ12: 0.0019269304 | GA12: 0.0018888819 | GB12: 0.001856017 | GC12: 0.0018276856 | GD12: 0.0018048497 | GE12: 0.0017866314 | GF12: 0.0017723463 | GG12: 0.0017631435 | GH12: 0.0017532848 | GI12: 0.0017437196 | GJ12: 0.0017347649 | GK12: 0.0017310285 | GL12: 0.001726554 | GM12: 0.0017189974 | GN12: 0.001716078 | GO12: 0.0017149329 | GP12: 0.0017156234 | GQ12: 0.0017121777 | GR12: 0.0017074531 | GS12: 0.0017021034 | GT12: 0.001706172 | GU12: 0.0017110375 | GV12: 0.0017098521 | GW12: 0.001702002 | GX12: 0.0016942897 | GY12: 0.0016948768 | GZ12: 0.0016947894 | HA12: 0.0016940109 | HB12: 0.0016915421 | HC12: 0.0016920536 | HD12: 0.0016935317 | HE12: 0.0016931699 | HF12: 0.0017007683 | HG12: 0.0017106146 | HH12: 0.0017099615 | HI12: 0.0017065779 | HJ12: 0.0017014584 | HK12: 0.0016953699 | HL12: 0.0016973914 | HM12: =((DW12/LY12)/(BA12/DX12))^0.3*(CA12/IB12)/(BA12/CA12) -> 1.0895537 | HN12: 0.0074065933 | HO12: 0.0074785612 | HP12: 0.0075388438 | HQ12: 0.0075815963 | HR12: 0.0076061192 | HS12: 0.0076223474 | HT12: 0.0076261865 | HU12: 0.007616287 | HV12: 0.0075976223 | HW12: 0.0075595912 | HX12: 0.0075091591 | HY12: 0.0074495724 | HZ12: 0.0073726506 | IA12: 0.0072884851 | IB12: 0.0071966229 | IC12: 0.0070892939 | ID12: 0.0069766463 | IE12: 0.0068569198 | IF12: 0.0067273289 | IG12: 0.0065946465 | IH12: 0.0064600709 | II12: 0.0063203449 | IJ12: 0.0061769522 | IK12: 0.0060252256 | IL12: 0.0058684849 | IM12: 0.005707859 | IN12: 0.0034086354 | IO12: 0.0032702635 | IP12: 0.0031244509 | IQ12: 0.0029767281 | IR12: 0.00283299 | IS12: 0.0026943801 | IT12: 0.0025793567 | IU12: 0.0024789388 | IV12: 0.0024002248 | IW12: 0.0023309151 | IX12: 0.0022683976 | IY12: 0.0022185238 | IZ12: 0.002176521 | JA12: 0.0021401723 | JB12: 0.0021157426 | JC12: 0.0020946357 | JD12: 0.0020760901 | JE12: 0.0020636984 | JF12: 0.0020524917 | JG12: 0.0020422918 | JH12: 0.0020354082 | JI12: 0.0020294067 | JJ12: 0.0020243988 | JK12: 0.0020192534 | JL12: 0.0020135537 | JM12: 0.0020070005 | JN12: 0.0020044303 | JO12: 0.0020017979 | JP12: 0.0019974703 | JQ12: 0.0019960011 | JR12: 0.0019959356 | JS12: 0.001997763 | JT12: 0.002018952 | JU12: 0.0020483506 | JV12: 0.0020792213 | JW12: 0.0020860407 | JX12: 0.0020782039 | JY12: 0.0020655777 | JZ12: 0.0020492539 | KA12: 0.0020303286 | KB12: 0.0020174966 | KC12: 0.0020103922 | KD12: 0.0020090139 | KE12: 0.0020078402 | KF12: 0.0020092337 | KG12: 0.0020138872 | KH12: 0.0020185401 | KI12: 0.0020246632 | KJ12: 0.0020332854 | KK12: 0.002041451 | KL12: 0.0020494579 | KM12: 0.0020573066 | KN12: 0.0020666355 | KO12: 0.0020775368 | KP12: 0.002091901 | KQ12: 0.0021038697 | KR12: 0.0021155587 | KS12: 0.0021299844 | KT12: 0.0021453627 | KU12: 0.0021612952 | KV12: 0.0021777496 | KW12: 0.0021951847 | KX12: 0.0022131049 | KY12: 0.002229589 | KZ12: 0.002249487 | LA12: 0.0022718182 | LB12: 0.00228609 | LC12: 0.0023024942 | LD12: 0.002320947 | LE12: 0.0023385823 | LF12: 0.002355945 | LG12: 0.0023730073 | LH12: 0.0023914836 | LI12: 0.0024095509 | LJ12: 0.0024268764 | LK12: 0.0024393122 | LL12: 0.002451138 | LM12: 0.0024630646 | LN12: 0.002475739 | LO12: 0.0024858995 | LP12: 0.0024904153 | LQ12: 0.0024953539 | LR12: 0.0024995444 | LS12: 0.0025014088 | LT12: 0.002502378 | LU12: 0.0025036117 | LV12: 0.0025067296 | LW12: 0.0025041181 | LX12: 0.0024979562 | LY12: 0.0024866357 | LZ12: 0.0024726083 | MA12: 0.0024567185 | MB12: 0.0024378084 | MC12: 0.0024158109 | MD12: 0.0023923197 | ME12: 0.0023713996 | MF12: 0.0023327373 | MG12: 0.0022823293 | MH12: 0.002239669 | MI12: 0.0021974314 | MJ12: 0.002155322 | MK12: 0.0021063095 | ML12: 0.0020581588 | MM12: 0.0020108338 | MN12: 0.0019676352 | MO12: 0.0019269304 | MP12: 0.0018888819 | MQ12: 0.001856017 | MR12: 0.0018276856 | MS12: 0.0018048497 | MT12: 0.0017866314 | MU12: 0.0017723463 | MV12: 0.0017631435 | MW12: 0.0017532848 | MX12: 0.0017437196 | MY12: 0.0017347649 | MZ12: 0.0017310285 | NA12: 0.001726554 | NB12: 0.0017189974 | NC12: 0.001716078 | ND12: 0.0017149329 | NE12: 0.0017156234 | NF12: 0.0017121777 | NG12: 0.0017074531 | NH12: 0.0017021034 | NI12: 0.001706172 | NJ12: 0.0017110375 | NK12: 0.0017098521 | NL12: 0.001702002 | NM12: 0.0016942897 | NN12: 0.0016948768 | NO12: 0.0016947894 | NP12: 0.0016940109 | NQ12: 0.0016915421 | NR12: 0.0016920536 | NS12: 0.0016935317 | NT12: 0.0016931699 | NU12: 0.0017007683 | NV12: 0.0017106146 | NW12: 0.0017099615 | NX12: 0.0017065779 | NY12: 0.0017014584 | NZ12: 0.0016953699 | OA12: 0.0016973914 | OB12: 0.0017039745 | OC12: 0.0017049445 | OD12: 0.0017002415 | OE12: 0.0016922476 | OF12: 0.0016929045 | OG12: 0.001697243 | OH12: 0.0017039289 | OI12: 0.0017002591 | OJ12: 0.0016983134 | OK12: 0.001697903 | OL12: 0.0016996521 | OM12: 0.0016997294 | ON12: 0.0016983367 | OO12: 0.0017042062 | OP12: 0.0017101951 | OQ12: 0.0017163033 | OR12: 0.0017133196 | OS12: 0.0017099418 | OT12: 0.0017062365 | OU12: 0.0017139489 | OV12: 0.0017223179 | OW12: 0.0017310433 | OX12: 0.0017373428 | OY12: 0.0017461932 | OZ12: 0.0017584526 | PA12: 0.0017728812 | PB12: 0.0017899593 | PC12: 0.0018104709 | PD12: 0.0018011843 | PE12: 0.0017988118 | PF12: =(BY12^2)^$PH$3/(IE12^$PH$2*BA12^$PH$5)^$PH$4 -> 0.62828242
A13: WMS19 | B13: 44 | C13: 0.0032302317 | D13: 0.0096252496 | E13: 0.0080963968 | F13: 0.0081098731 | G13: 0.0020852435 | H13: 0.0015271427 | I13: 0.0040991548 | J13: 0.0041389681 | K13: 0.0041763899 | L13: 0.0042137901 | M13: 0.0042511692 | N13: 0.0042882735 | O13: 0.0043270932 | P13: 0.0043671416 | Q13: 0.0044055616 | R13: 0.0044420856 | S13: 0.0044770753 | T13: 0.0045102237 | U13: 0.0045419665 | V13: 0.0045758084 | W13: 0.0046119286 | X13: 0.0046505939 | Y13: 0.0046914622 | Z13: 0.0047339589 | AA13: 0.004771029 | AB13: 0.0048028838 | AC13: 0.0048375491 | AD13: 0.0048758589 | AE13: 0.0049181097 | AF13: 0.004959787 | AG13: 0.0050009658 | AH13: 0.0050466222 | AI13: 0.0050938625 | AJ13: 0.0051398279 | AK13: 0.0051882073 | AL13: 0.0052381158 | AM13: 0.0052906538 | AN13: 0.0084054928 | AO13: 0.0084695372 | AP13: 0.0085348373 | AQ13: 0.0086011598 | AR13: 0.0086659329 | AS13: 0.00873084 | AT13: 0.008796239 | AU13: 0.0088610988 | AV13: 0.0089259098 | AW13: 0.008994982 | AX13: 0.009059346 | AY13: 0.0091172142 | AZ13: 0.0091748757 | BA13: 0.0092318923 | BB13: 0.0092862401 | BC13: 0.0093406208 | BD13: 0.0082511422 | BE13: 0.008233948 | BF13: 0.0082204768 | BG13: 0.0082052539 | BH13: 0.0081840976 | BI13: 0.008166 | BJ13: 0.008149435 | BK13: 0.0081335797 | BL13: 0.0081177915 | BM13: 0.0081020764 | BN13: 0.0080868136 | BO13: 0.0080733132 | BP13: 0.0080639896 | BQ13: 0.0080554572 | BR13: 0.0080478977 | BS13: 0.0080460478 | BT13: 0.0080417016 | BU13: 0.0080349549 | BV13: 0.0080314654 | BW13: 0.0080294783 | BX13: 0.0080299683 | BY13: 0.0080299587 | BZ13: 0.0080302374 | CA13: 0.0080331656 | CB13: 0.0080371338 | CC13: 0.0080419188 | CD13: 0.0080511597 | CE13: 0.008061064 | CF13: 0.0080718272 | CG13: 0.0080864626 | CH13: 0.0081024345 | CI13: 0.0081198172 | CJ13: 0.0081383278 | CK13: 0.0081572979 | CL13: 0.0081707296 | CM13: 0.0081846586 | CN13: 0.008199175 | CO13: 0.008209515 | CP13: 0.0082175277 | CQ13: 0.0082213727 | CR13: 0.0082171889 | CS13: 0.0082070831 | CT13: 0.0081789082 | CU13: 0.008139958 | CV13: 0.0080921909 | CW13: 0.0080249025 | CX13: 0.007949163 | CY13: 0.0078611136 | CZ13: 0.0077491448 | DA13: 0.007632426 | DB13: 0.0075185971 | DC13: 0.0074111826 | DD13: 0.007307835 | DE13: 0.0072129681 | DF13: 0.0071200251 | DG13: 0.0070289307 | DH13: 0.0069464183 | DI13: 0.0068684328 | DJ13: 0.0067973446 | DK13: 0.0067336013 | DL13: 0.0066754355 | DM13: 0.006630906 | DN13: 0.0065927514 | DO13: 0.0065593111 | DP13: 0.0065408649 | DQ13: 0.0065292882 | DR13: 0.0065245955 | DS13: 0.0065285405 | DT13: 0.0065372175 | DU13: 0.0056857343 | DV13: 0.0055336794 | DW13: 0.0053741056 | DX13: 0.0052140165 | DY13: 0.0050533712 | DZ13: 0.0049073117 | EA13: 0.0047661744 | EB13: 0.0046312706 | EC13: 0.0044864219 | ED13: 0.0043351061 | EE13: 0.0041722186 | EF13: 0.0040221132 | EG13: 0.0038804393 | EH13: 0.0037556746 | EI13: 0.003631133 | EJ13: 0.0035063136 | EK13: 0.0033767293 | EL13: 0.0032470331 | EM13: 0.0031172321 | EN13: 0.002977821 | EO13: 0.0028423129 | EP13: 0.0027120288 | EQ13: 0.0026025772 | ER13: 0.002508166 | ES13: 0.0024368987 | ET13: 0.002374791 | EU13: 0.0023178945 | EV13: 0.0022693161 | EW13: 0.0022295947 | EX13: 0.0021952607 | EY13: 0.0021695768 | EZ13: 0.0021493883 | FA13: 0.0021327141 | FB13: 0.0021189299 | FC13: 0.0021068114 | FD13: 0.0020961119 | FE13: 0.0020906064 | FF13: 0.0020848225 | FG13: 0.0020787234 | FH13: 0.002070708 | FI13: 0.0020652552 | FJ13: 0.0020640333 | FK13: 0.0020592815 | FL13: 0.0020535614 | FM13: 0.0020470799 | FN13: 0.0023475464 | FO13: 0.0023218091 | FP13: 0.0022976319 | FQ13: 0.0022641901 | FR13: 0.0022240243 | FS13: 0.0021800567 | FT13: 0.0021366852 | FU13: 0.0020935216 | FV13: 0.0020414377 | FW13: 0.0019937749 | FX13: 0.0019503574 | FY13: 0.0019026235 | FZ13: 0.0018636263 | GA13: 0.001834141 | GB13: 0.0018028154 | GC13: 0.0017752329 | GD13: 0.0017525122 | GE13: 0.0017322522 | GF13: 0.0017143346 | GG13: 0.0016994801 | GH13: 0.0016837338 | GI13: 0.0016720401 | GJ13: 0.0016671382 | GK13: 0.0016578452 | GL13: 0.0016484485 | GM13: 0.0016402382 | GN13: 0.0016333647 | GO13: 0.0016282968 | GP13: 0.0016266392 | GQ13: 0.0016220895 | GR13: 0.001615963 | GS13: 0.0016076451 | GT13: 0.0016045448 | GU13: 0.0016015719 | GV13: 0.0015943036 | GW13: 0.0015950964 | GX13: 0.00159736 | GY13: 0.0015950644 | GZ13: 0.0015904485 | HA13: 0.0015855695 | HB13: 0.0015834006 | HC13: 0.0015793931 | HD13: 0.0015750118 | HE13: 0.0015728159 | HF13: 0.0015736847 | HG13: 0.0015754843 | HH13: 0.0015736126 | HI13: 0.0015712797 | HJ13: 0.0015680345 | HK13: 0.0015600864 | HL13: 0.001557122 | HM13: =((DW13/LY13)/(BA13/DX13))^0.3*(CA13/IB13)/(BA13/CA13) -> 1.0843314 | HN13: 0.0069483662 | HO13: 0.0070257313 | HP13: 0.0070919065 | HQ13: 0.0071412417 | HR13: 0.0071774693 | HS13: 0.0072061462 | HT13: 0.0072218385 | HU13: 0.0072277713 | HV13: 0.0072251151 | HW13: 0.0071953212 | HX13: 0.0071570652 | HY13: 0.0071122673 | HZ13: 0.0070461065 | IA13: 0.0069750163 | IB13: 0.0068987363 | IC13: 0.0068053296 | ID13: 0.0067047129 | IE13: 0.0065939111 | IF13: 0.0064796825 | IG13: 0.0063623238 | IH13: 0.0062381285 | II13: 0.0061096132 | IJ13: 0.005977354 | IK13: 0.0058339951 | IL13: 0.0056857343 | IM13: 0.0055336794 | IN13: 0.0033767293 | IO13: 0.0032470331 | IP13: 0.0031172321 | IQ13: 0.002977821 | IR13: 0.0028423129 | IS13: 0.0027120288 | IT13: 0.0026025772 | IU13: 0.002508166 | IV13: 0.0024368987 | IW13: 0.002374791 | IX13: 0.0023178945 | IY13: 0.0022693161 | IZ13: 0.0022295947 | JA13: 0.0021952607 | JB13: 0.0021695768 | JC13: 0.0021493883 | JD13: 0.0021327141 | JE13: 0.0021189299 | JF13: 0.0021068114 | JG13: 0.0020961119 | JH13: 0.0020906064 | JI13: 0.0020848225 | JJ13: 0.0020787234 | JK13: 0.002070708 | JL13: 0.0020652552 | JM13: 0.0020640333 | JN13: 0.0020592815 | JO13: 0.0020535614 | JP13: 0.0020470799 | JQ13: 0.0020423379 | JR13: 0.0020392148 | JS13: 0.0020396656 | JT13: 0.0020540611 | JU13: 0.0020734133 | JV13: 0.0020891585 | JW13: 0.0020973862 | JX13: 0.0021000951 | JY13: 0.0020928584 | JZ13: 0.0020857369 | KA13: 0.0020785061 | KB13: 0.0020649504 | KC13: 0.0020559431 | KD13: 0.0020514825 | KE13: 0.0020497931 | KF13: 0.0020496879 | KG13: 0.0020514907 | KH13: 0.002052391 | KI13: 0.0020549233 | KJ13: 0.002060401 | KK13: 0.0020671325 | KL13: 0.0020738916 | KM13: 0.0020801822 | KN13: 0.0020891696 | KO13: 0.0020995876 | KP13: 0.0021120137 | KQ13: 0.0021208884 | KR13: 0.0021296046 | KS13: 0.0021434909 | KT13: 0.0021571235 | KU13: 0.00217073 | KV13: 0.0021849438 | KW13: 0.002198994 | KX13: 0.0022130406 | KY13: 0.0022281093 | KZ13: 0.0022426695 | LA13: 0.0022568925 | LB13: 0.0022731362 | LC13: 0.00228897 | LD13: 0.0023044099 | LE13: 0.0023222457 | LF13: 0.0023377677 | LG13: 0.0023505163 | LH13: 0.0023675145 | LI13: 0.0023821911 | LJ13: 0.0023930665 | LK13: 0.0024039827 | LL13: 0.0024151452 | LM13: 0.0024267354 | LN13: 0.0024356611 | LO13: 0.0024425034 | LP13: 0.0024459972 | LQ13: 0.0024470488 | LR13: 0.0024480325 | LS13: 0.0024505879 | LT13: 0.0024469137 | LU13: 0.0024417175 | LV13: 0.0024383782 | LW13: 0.0024339903 | LX13: 0.0024286648 | LY13: 0.0024211682 | LZ13: 0.0024087989 | MA13: 0.0023930544 | MB13: 0.0023717618 | MC13: 0.0023475464 | MD13: 0.0023218091 | ME13: 0.0022976319 | MF13: 0.0022641901 | MG13: 0.0022240243 | MH13: 0.0021800567 | MI13: 0.0021366852 | MJ13: 0.0020935216 | MK13: 0.0020414377 | ML13: 0.0019937749 | MM13: 0.0019503574 | MN13: 0.0019026235 | MO13: 0.0018636263 | MP13: 0.001834141 | MQ13: 0.0018028154 | MR13: 0.0017752329 | MS13: 0.0017525122 | MT13: 0.0017322522 | MU13: 0.0017143346 | MV13: 0.0016994801 | MW13: 0.0016837338 | MX13: 0.0016720401 | MY13: 0.0016671382 | MZ13: 0.0016578452 | NA13: 0.0016484485 | NB13: 0.0016402382 | NC13: 0.0016333647 | ND13: 0.0016282968 | NE13: 0.0016266392 | NF13: 0.0016220895 | NG13: 0.001615963 | NH13: 0.0016076451 | NI13: 0.0016045448 | NJ13: 0.0016015719 | NK13: 0.0015943036 | NL13: 0.0015950964 | NM13: 0.00159736 | NN13: 0.0015950644 | NO13: 0.0015904485 | NP13: 0.0015855695 | NQ13: 0.0015834006 | NR13: 0.0015793931 | NS13: 0.0015750118 | NT13: 0.0015728159 | NU13: 0.0015736847 | NV13: 0.0015754843 | NW13: 0.0015736126 | NX13: 0.0015712797 | NY13: 0.0015680345 | NZ13: 0.0015600864 | OA13: 0.001557122 | OB13: 0.0015572387 | OC13: 0.001556405 | OD13: 0.0015509711 | OE13: 0.0015434032 | OF13: 0.0015499538 | OG13: 0.0015487632 | OH13: 0.0015416415 | OI13: 0.0015373982 | OJ13: 0.0015324284 | OK13: 0.0015270285 | OL13: 0.001527729 | OM13: 0.0015234794 | ON13: 0.001514801 | OO13: 0.0015200361 | OP13: 0.0015210998 | OQ13: 0.001517992 | OR13: 0.0015124409 | OS13: 0.0015100248 | OT13: 0.0015110317 | OU13: 0.0015072783 | OV13: 0.0015083636 | OW13: 0.0015153021 | OX13: 0.0015189059 | OY13: 0.0015220206 | OZ13: 0.0015247361 | PA13: 0.0015213366 | PB13: 0.001519233 | PC13: 0.0015195546 | PD13: 0.0015196732 | PE13: 0.0015197359 | PF13: =(BY13^2)^$PH$3/(IE13^$PH$2*BA13^$PH$5)^$PH$4 -> 0.5526594
A14: WMS20 | B14: 46.25 | C14: 0.0031105908 | D14: 0.0087644753 | E14: 0.0075875837 | F14: 0.0076055954 | G14: 0.0024670034 | H14: 0.0020748872 | I14: 0.0037067418 | J14: 0.003742879 | K14: 0.0037779806 | L14: 0.0038122376 | M14: 0.0038454337 | N14: 0.0038809405 | O14: 0.0039190251 | P14: 0.003954209 | Q14: 0.003988496 | R14: 0.0040217605 | S14: 0.004054582 | T14: 0.0040853403 | U14: 0.0041147626 | V14: 0.0041454079 | W14: 0.0041773862 | X14: 0.0042148562 | Y14: 0.0042545542 | Z14: 0.0042906753 | AA14: 0.0043228815 | AB14: 0.0043513244 | AC14: 0.0043831431 | AD14: 0.0044197365 | AE14: 0.0044615512 | AF14: 0.0045020314 | AG14: 0.0045413761 | AH14: 0.0045774333 | AI14: 0.0046174282 | AJ14: 0.0046645618 | AK14: 0.0047113971 | AL14: 0.004757918 | AM14: 0.0048086491 | AN14: 0.0076246565 | AO14: 0.0076815405 | AP14: 0.007740062 | AQ14: 0.007799918 | AR14: 0.0078612227 | AS14: 0.0079226778 | AT14: 0.0079840484 | AU14: 0.0080450921 | AV14: 0.0081059014 | AW14: 0.0081654752 | AX14: 0.0082243408 | AY14: 0.0082822351 | AZ14: 0.0083355173 | BA14: 0.0083876413 | BB14: 0.0084397787 | BC14: 0.008489562 | BD14: 0.0077137953 | BE14: 0.0076990027 | BF14: 0.0076853887 | BG14: 0.0076717268 | BH14: 0.0076574904 | BI14: 0.0076434703 | BJ14: 0.0076296197 | BK14: 0.0076161835 | BL14: 0.0076023605 | BM14: 0.0075881188 | BN14: 0.0075779663 | BO14: 0.0075687351 | BP14: 0.0075605209 | BQ14: 0.0075532134 | BR14: 0.0075466262 | BS14: 0.0075430299 | BT14: 0.007540948 | BU14: 0.007540319 | BV14: 0.0075420964 | BW14: 0.0075431732 | BX14: 0.0075424046 | BY14: 0.0075408097 | BZ14: 0.0075395589 | CA14: 0.0075419237 | CB14: 0.0075455702 | CC14: 0.0075502232 | CD14: 0.0075567036 | CE14: 0.007563979 | CF14: 0.0075724609 | CG14: 0.007584631 | CH14: 0.0075981375 | CI14: 0.0076132273 | CJ14: 0.0076249572 | CK14: 0.0076347781 | CL14: 0.0076482258 | CM14: 0.007660416 | CN14: 0.007671134 | CO14: 0.0076826705 | CP14: 0.0076920851 | CQ14: 0.0076960079 | CR14: 0.0076901682 | CS14: 0.0076786195 | CT14: 0.0076551643 | CU14: 0.0076214216 | CV14: 0.0075792612 | CW14: 0.0075270466 | CX14: 0.0074631242 | CY14: 0.0073813403 | CZ14: 0.0072803363 | DA14: 0.007175588 | DB14: 0.0070734066 | DC14: 0.0069786526 | DD14: 0.0068879438 | DE14: 0.0067994636 | DF14: 0.0067155593 | DG14: 0.0066360513 | DH14: 0.0065630661 | DI14: 0.0064942845 | DJ14: 0.0064321009 | DK14: 0.0063774204 | DL14: 0.0063279521 | DM14: 0.0062905879 | DN14: 0.0062606601 | DO14: 0.0062360306 | DP14: 0.0062262221 | DQ14: 0.0062210599 | DR14: 0.0062205586 | DS14: 0.0062310326 | DT14: 0.0062456528 | DU14: 0.0057428822 | DV14: 0.0056183327 | DW14: 0.0054881503 | DX14: 0.0053571991 | DY14: 0.005225417 | DZ14: 0.0051044757 | EA14: 0.0049861395 | EB14: 0.0048706462 | EC14: 0.004741781 | ED14: 0.0046029731 | EE14: 0.0044452308 | EF14: 0.0043078175 | EG14: 0.0041814545 | EH14: 0.0040704572 | EI14: 0.0039545446 | EJ14: 0.0038359008 | EK14: 0.0037204921 | EL14: 0.0035995699 | EM14: 0.0034737527 | EN14: 0.0033456103 | EO14: 0.0032164263 | EP14: 0.0030859839 | EQ14: 0.002976489 | ER14: 0.0028834731 | ES14: 0.0028162461 | ET14: 0.0027589387 | EU14: 0.0027052029 | EV14: 0.0026545774 | EW14: 0.0026154161 | EX14: 0.002582492 | EY14: 0.0025571677 | EZ14: 0.0025353907 | FA14: 0.0025160193 | FB14: 0.0024998956 | FC14: 0.0024889578 | FD14: 0.0024822492 | FE14: 0.0024738115 | FF14: 0.0024665824 | FG14: 0.002460715 | FH14: 0.0024562575 | FI14: 0.0024515973 | FJ14: 0.0024464513 | FK14: 0.0024424469 | FL14: 0.0024386634 | FM14: 0.0024349308 | FN14: 0.0028129418 | FO14: 0.0027928782 | FP14: 0.002777735 | FQ14: 0.0027409929 | FR14: 0.0026900381 | FS14: 0.0026496648 | FT14: 0.0026090155 | FU14: 0.0025678561 | FV14: 0.0025176279 | FW14: 0.0024705926 | FX14: 0.0024266224 | FY14: 0.0023814049 | FZ14: 0.0023430093 | GA14: 0.0023120176 | GB14: 0.002276735 | GC14: 0.00224716 | GD14: 0.0022250775 | GE14: 0.0022051736 | GF14: 0.0021866478 | GG14: 0.0021698323 | GH14: 0.0021571267 | GI14: 0.0021478304 | GJ14: 0.0021432671 | GK14: 0.0021313117 | GL14: 0.0021209075 | GM14: 0.0021158503 | GN14: 0.002112264 | GO14: 0.0021073346 | GP14: 0.0020987455 | GQ14: 0.0020963203 | GR14: 0.0020939735 | GS14: 0.00208787 | GT14: 0.002090722 | GU14: 0.0020927517 | GV14: 0.0020842871 | GW14: 0.0020828801 | GX14: 0.002082333 | GY14: 0.0020763619 | GZ14: 0.0020755985 | HA14: 0.0020762475 | HB14: 0.0020740101 | HC14: 0.0020742711 | HD14: 0.0020751191 | HE14: 0.0020733308 | HF14: 0.002075506 | HG14: 0.0020778783 | HH14: 0.0020697976 | HI14: 0.0020686441 | HJ14: 0.0020711757 | HK14: 0.0020708964 | HL14: 0.0020710656 | HM14: =((DW14/LY14)/(BA14/DX14))^0.3*(CA14/IB14)/(BA14/CA14) -> 1.0537858 | HN14: 0.0067173128 | HO14: 0.0067999367 | HP14: 0.0068721514 | HQ14: 0.006929301 | HR14: 0.0069719201 | HS14: 0.0070091143 | HT14: 0.0070394869 | HU14: 0.007055659 | HV14: 0.0070617779 | HW14: 0.0070422494 | HX14: 0.0070143239 | HY14: 0.0069802282 | HZ14: 0.0069353269 | IA14: 0.0068825926 | IB14: 0.006821523 | IC14: 0.0067414112 | ID14: 0.006654975 | IE14: 0.0065602243 | IF14: 0.0064496319 | IG14: 0.0063316484 | IH14: 0.0062033564 | II14: 0.0060855737 | IJ14: 0.005972789 | IK14: 0.0058616791 | IL14: 0.0057428822 | IM14: 0.0056183327 | IN14: 0.0037204921 | IO14: 0.0035995699 | IP14: 0.0034737527 | IQ14: 0.0033456103 | IR14: 0.0032164263 | IS14: 0.0030859839 | IT14: 0.002976489 | IU14: 0.0028834731 | IV14: 0.0028162461 | IW14: 0.0027589387 | IX14: 0.0027052029 | IY14: 0.0026545774 | IZ14: 0.0026154161 | JA14: 0.002582492 | JB14: 0.0025571677 | JC14: 0.0025353907 | JD14: 0.0025160193 | JE14: 0.0024998956 | JF14: 0.0024889578 | JG14: 0.0024822492 | JH14: 0.0024738115 | JI14: 0.0024665824 | JJ14: 0.002460715 | JK14: 0.0024562575 | JL14: 0.0024515973 | JM14: 0.0024464513 | JN14: 0.0024424469 | JO14: 0.0024386634 | JP14: 0.0024349308 | JQ14: 0.002432862 | JR14: 0.0024336383 | JS14: 0.0024419388 | JT14: 0.0024830099 | JU14: 0.0025285548 | JV14: 0.0025305926 | JW14: 0.0025452779 | JX14: 0.00256396 | JY14: 0.0025517503 | JZ14: 0.0025335398 | KA14: 0.0025109594 | KB14: 0.0024934672 | KC14: 0.0024798298 | KD14: 0.0024700455 | KE14: 0.0024665796 | KF14: 0.0024633802 | KG14: 0.0024602719 | KH14: 0.002463755 | KI14: 0.0024681589 | KJ14: 0.0024728791 | KK14: 0.0024834294 | KL14: 0.0024926282 | KM14: 0.0024963485 | KN14: 0.0025058269 | KO14: 0.0025165707 | KP14: 0.0025262369 | KQ14: 0.0025394068 | KR14: 0.0025536326 | KS14: 0.002566508 | KT14: 0.0025808833 | KU14: 0.0025959987 | KV14: 0.0026111224 | KW14: 0.002626684 | KX14: 0.0026424278 | KY14: 0.0026571845 | KZ14: 0.0026731899 | LA14: 0.0026901135 | LB14: 0.0027050027 | LC14: 0.0027203974 | LD14: 0.0027362779 | LE14: 0.0027573355 | LF14: 0.0027754883 | LG14: 0.0027901068 | LH14: 0.0028018054 | LI14: 0.0028134051 | LJ14: 0.0028251787 | LK14: 0.0028429546 | LL14: 0.0028573883 | LM14: 0.0028644251 | LN14: 0.0028691046 | LO14: 0.0028731461 | LP14: 0.0028767858 | LQ14: 0.0028831504 | LR14: 0.0028884411 | LS14: 0.0028888695 | LT14: 0.0028905041 | LU14: 0.0028930452 | LV14: 0.0028972747 | LW14: 0.0028947038 | LX14: 0.0028897408 | LY14: 0.0028864215 | LZ14: 0.0028750704 | MA14: 0.0028585006 | MB14: 0.0028347529 | MC14: 0.0028129418 | MD14: 0.0027928782 | ME14: 0.002777735 | MF14: 0.0027409929 | MG14: 0.0026900381 | MH14: 0.0026496648 | MI14: 0.0026090155 | MJ14: 0.0025678561 | MK14: 0.0025176279 | ML14: 0.0024705926 | MM14: 0.0024266224 | MN14: 0.0023814049 | MO14: 0.0023430093 | MP14: 0.0023120176 | MQ14: 0.002276735 | MR14: 0.00224716 | MS14: 0.0022250775 | MT14: 0.0022051736 | MU14: 0.0021866478 | MV14: 0.0021698323 | MW14: 0.0021571267 | MX14: 0.0021478304 | MY14: 0.0021432671 | MZ14: 0.0021313117 | NA14: 0.0021209075 | NB14: 0.0021158503 | NC14: 0.002112264 | ND14: 0.0021073346 | NE14: 0.0020987455 | NF14: 0.0020963203 | NG14: 0.0020939735 | NH14: 0.00208787 | NI14: 0.002090722 | NJ14: 0.0020927517 | NK14: 0.0020842871 | NL14: 0.0020828801 | NM14: 0.002082333 | NN14: 0.0020763619 | NO14: 0.0020755985 | NP14: 0.0020762475 | NQ14: 0.0020740101 | NR14: 0.0020742711 | NS14: 0.0020751191 | NT14: 0.0020733308 | NU14: 0.002075506 | NV14: 0.0020778783 | NW14: 0.0020697976 | NX14: 0.0020686441 | NY14: 0.0020711757 | NZ14: 0.0020708964 | OA14: 0.0020710656 | OB14: 0.0020714089 | OC14: 0.0020707373 | OD14: 0.0020698825 | OE14: 0.0020688224 | OF14: 0.0020667273 | OG14: 0.0020655087 | OH14: 0.0020651019 | OI14: 0.0020670405 | OJ14: 0.0020704705 | OK14: 0.0020747729 | OL14: 0.0020662154 | OM14: 0.0020650215 | ON14: 0.0020704678 | OO14: 0.0020604105 | OP14: 0.0020566241 | OQ14: 0.0020591085 | OR14: 0.0020567783 | OS14: 0.0020573133 | OT14: 0.002061005 | OU14: 0.0020599713 | OV14: 0.002062581 | OW14: 0.0020696393 | OX14: 0.0020749145 | OY14: 0.0020801045 | OZ14: 0.0020853054 | PA14: 0.0020880305 | PB14: 0.0020941491 | PC14: 0.0021052116 | PD14: 0.0021171315 | PE14: 0.0021265118 | PF14: =(BY14^2)^$PH$3/(IE14^$PH$2*BA14^$PH$5)^$PH$4 -> 0.46214256
A15: WMS22 | B15: 46.5 | C15: 0.0034790207 | D15: 0.0070344377 | E15: 0.005995281 | F15: 0.005966965 | G15: 0.0032069381 | H15: 0.0030256662 | I15: 0.0037548441 | J15: 0.003780404 | K15: 0.0038056089 | L15: 0.0038301259 | M15: 0.0038537832 | N15: 0.0038786294 | O15: 0.0039054068 | P15: 0.003927303 | Q15: 0.0039496245 | R15: 0.0039724765 | S15: 0.0039921294 | T15: 0.0040093782 | U15: 0.0040271853 | V15: 0.004046904 | W15: 0.0040687018 | X15: 0.004091469 | Y15: 0.0041159915 | Z15: 0.0041393899 | AA15: 0.0041611388 | AB15: 0.0041813013 | AC15: 0.0042033457 | AD15: 0.0042292518 | AE15: 0.0042581321 | AF15: 0.0042854303 | AG15: 0.0043113914 | AH15: 0.0043383696 | AI15: 0.0043678415 | AJ15: 0.0043988221 | AK15: 0.0044299889 | AL15: 0.0044611671 | AM15: 0.0044963212 | AN15: 0.0062932652 | AO15: 0.0063305128 | AP15: 0.0063682715 | AQ15: 0.0064064431 | AR15: 0.0064448189 | AS15: 0.0064830166 | AT15: 0.0065206167 | AU15: 0.0065584142 | AV15: 0.0065964223 | AW15: 0.0066367422 | AX15: 0.0066756983 | AY15: 0.0067127776 | AZ15: 0.0067463587 | BA15: 0.006778622 | BB15: 0.0068089026 | BC15: 0.0068407025 | BD15: 0.0060558122 | BE15: 0.0060462877 | BF15: 0.0060400382 | BG15: 0.0060336076 | BH15: 0.006025454 | BI15: 0.0060179269 | BJ15: 0.0060106964 | BK15: 0.0060031239 | BL15: 0.0059969326 | BM15: 0.0059922378 | BN15: 0.0059856694 | BO15: 0.0059795117 | BP15: 0.0059749247 | BQ15: 0.0059711055 | BR15: 0.0059679177 | BS15: 0.0059674576 | BT15: 0.0059666048 | BU15: 0.0059653728 | BV15: 0.005967582 | BW15: 0.0059683696 | BX15: 0.0059656648 | BY15: 0.0059626748 | BZ15: 0.0059598785 | CA15: 0.0059587685 | CB15: 0.0059570482 | CC15: 0.005954848 | CD15: 0.0059533392 | CE15: 0.0059524167 | CF15: 0.0059524173 | CG15: 0.0059559795 | CH15: 0.0059595106 | CI15: 0.0059595995 | CJ15: 0.0059594383 | CK15: 0.005959189 | CL15: 0.0059605245 | CM15: 0.0059620247 | CN15: 0.0059637219 | CO15: 0.0059652566 | CP15: 0.0059656193 | CQ15: 0.0059631748 | CR15: 0.0059517632 | CS15: 0.0059365964 | CT15: 0.0059204254 | CU15: 0.005897121 | CV15: 0.0058679794 | CW15: 0.0058305009 | CX15: 0.0057863587 | CY15: 0.0057321612 | CZ15: 0.0056731023 | DA15: 0.0056138501 | DB15: 0.0055577771 | DC15: 0.0055051927 | DD15: 0.005454866 | DE15: 0.0054095451 | DF15: 0.0053670744 | DG15: 0.0053273422 | DH15: 0.0052917225 | DI15: 0.0052579268 | DJ15: 0.0052268212 | DK15: 0.0052012865 | DL15: 0.0051782136 | DM15: 0.00515883 | DN15: 0.0051434091 | DO15: 0.0051306957 | DP15: 0.0051243407 | DQ15: 0.005119149 | DR15: 0.0051151351 | DS15: 0.005116592 | DT15: 0.0051189634 | DU15: 0.0045607611 | DV15: 0.0044990416 | DW15: 0.0044355099 | DX15: 0.0043759896 | DY15: 0.0043208171 | DZ15: 0.0042759684 | EA15: 0.0042326454 | EB15: 0.004190404 | EC15: 0.0041396432 | ED15: 0.0040818698 | EE15: 0.0040102039 | EF15: 0.0039514126 | EG15: 0.0039016605 | EH15: 0.0038716086 | EI15: 0.0038355298 | EJ15: 0.0037950186 | EK15: 0.0037460141 | EL15: 0.0036989025 | EM15: 0.0036534638 | EN15: 0.0036072591 | EO15: 0.0035579876 | EP15: 0.0035048396 | EQ15: 0.0034544651 | ER15: 0.0034112171 | ES15: 0.0033805604 | ET15: 0.0033556527 | EU15: 0.0033324005 | EV15: 0.0033097737 | EW15: 0.0032895601 | EX15: 0.0032710845 | EY15: 0.0032562923 | EZ15: 0.0032474199 | FA15: 0.0032413929 | FB15: 0.0032289741 | FC15: 0.0032224499 | FD15: 0.003220678 | FE15: 0.0032115586 | FF15: 0.0032065171 | FG15: 0.0032060728 | FH15: 0.0032043246 | FI15: 0.0032027226 | FJ15: 0.0032015004 | FK15: 0.003198991 | FL15: 0.0031963816 | FM15: 0.0031940628 | FN15: 0.0033545809 | FO15: 0.0033470966 | FP15: 0.0033474395 | FQ15: 0.0033370828 | FR15: 0.0033194409 | FS15: 0.003303788 | FT15: 0.0032872619 | FU15: 0.0032700805 | FV15: 0.0032549441 | FW15: 0.0032399361 | FX15: 0.0032250491 | FY15: 0.0032074688 | FZ15: 0.0031913188 | GA15: 0.0031767475 | GB15: 0.0031639825 | GC15: 0.0031514744 | GD15: 0.003139198 | GE15: 0.0031296621 | GF15: 0.0031192517 | GG15: 0.0031072401 | GH15: 0.0031056587 | GI15: 0.0031004978 | GJ15: 0.0030873928 | GK15: 0.0030834016 | GL15: 0.0030773507 | GM15: 0.0030644215 | GN15: 0.0030618544 | GO15: 0.0030602434 | GP15: 0.0030560366 | GQ15: 0.0030530035 | GR15: 0.0030499594 | GS15: 0.0030461371 | GT15: 0.0030453061 | GU15: 0.0030458712 | GV15: 0.0030479422 | GW15: 0.003046675 | GX15: 0.0030435571 | GY15: 0.0030381685 | GZ15: 0.0030349356 | HA15: 0.0030339111 | HB15: 0.0030381699 | HC15: 0.0030366541 | HD15: 0.0030336056 | HE15: 0.0030357184 | HF15: 0.0030343671 | HG15: 0.0030321159 | HH15: 0.0030348781 | HI15: 0.003034388 | HJ15: 0.0030322244 | HK15: 0.003031796 | HL15: 0.0030323755 | HM15: =((DW15/LY15)/(BA15/DX15))^0.3*(CA15/IB15)/(BA15/CA15) -> 0.96801421 | HN15: 0.0052861898 | HO15: 0.0053167301 | HP15: 0.0053399407 | HQ15: 0.0053526834 | HR15: 0.0053615129 | HS15: 0.0053673644 | HT15: 0.0053674865 | HU15: 0.0053619242 | HV15: 0.0053506898 | HW15: 0.0053198673 | HX15: 0.0052866559 | HY15: 0.0052518962 | HZ15: 0.0052207743 | IA15: 0.0051838914 | IB15: 0.0051409181 | IC15: 0.0050940867 | ID15: 0.005043688 | IE15: 0.0049875291 | IF15: 0.0049293899 | IG15: 0.0048695288 | IH15: 0.0048059703 | II15: 0.0047454191 | IJ15: 0.0046857163 | IK15: 0.0046229013 | IL15: 0.0045607611 | IM15: 0.0044990416 | IN15: 0.0037460141 | IO15: 0.0036989025 | IP15: 0.0036534638 | IQ15: 0.0036072591 | IR15: 0.0035579876 | IS15: 0.0035048396 | IT15: 0.0034544651 | IU15: 0.0034112171 | IV15: 0.0033805604 | IW15: 0.0033556527 | IX15: 0.0033324005 | IY15: 0.0033097737 | IZ15: 0.0032895601 | JA15: 0.0032710845 | JB15: 0.0032562923 | JC15: 0.0032474199 | JD15: 0.0032413929 | JE15: 0.0032289741 | JF15: 0.0032224499 | JG15: 0.003220678 | JH15: 0.0032115586 | JI15: 0.0032065171 | JJ15: 0.0032060728 | JK15: 0.0032043246 | JL15: 0.0032027226 | JM15: 0.0032015004 | JN15: 0.003198991 | JO15: 0.0031963816 | JP15: 0.0031940628 | JQ15: 0.0031932849 | JR15: 0.0031935425 | JS15: 0.003195704 | JT15: 0.003224161 | JU15: 0.0032623152 | JV15: 0.0032953774 | JW15: 0.00332098 | JX15: 0.0033393884 | JY15: 0.0033324676 | JZ15: 0.0033162858 | KA15: 0.0032930533 | KB15: 0.0032677518 | KC15: 0.0032472161 | KD15: 0.0032314446 | KE15: 0.0032216148 | KF15: 0.0032123553 | KG15: 0.0032035885 | KH15: 0.0031996171 | KI15: 0.0031961145 | KJ15: 0.0031924986 | KK15: 0.0031924066 | KL15: 0.003193082 | KM15: 0.0031939726 | KN15: 0.0031977517 | KO15: 0.0032012315 | KP15: 0.0032013673 | KQ15: 0.0032041839 | KR15: 0.0032085751 | KS15: 0.0032151912 | KT15: 0.0032213304 | KU15: 0.0032274654 | KV15: 0.0032350178 | KW15: 0.0032439347 | KX15: 0.0032535421 | KY15: 0.0032613117 | KZ15: 0.0032667188 | LA15: 0.0032702302 | LB15: 0.0032724631 | LC15: 0.0032774203 | LD15: 0.003284995 | LE15: 0.0032938461 | LF15: 0.0032992288 | LG15: 0.0033005094 | LH15: 0.0033068346 | LI15: 0.0033121318 | LJ15: 0.0033154036 | LK15: 0.003325593 | LL15: 0.0033320988 | LM15: 0.0033303792 | LN15: 0.0033303365 | LO15: 0.0033296336 | LP15: 0.003326849 | LQ15: 0.0033324973 | LR15: 0.0033397128 | LS15: 0.0033451048 | LT15: 0.00335108 | LU15: 0.0033583275 | LV15: 0.0033691841 | LW15: 0.0033786711 | LX15: 0.0033876079 | LY15: 0.0033965841 | LZ15: 0.0033910903 | MA15: 0.0033783467 | MB15: 0.0033648869 | MC15: 0.0033545809 | MD15: 0.0033470966 | ME15: 0.0033474395 | MF15: 0.0033370828 | MG15: 0.0033194409 | MH15: 0.003303788 | MI15: 0.0032872619 | MJ15: 0.0032700805 | MK15: 0.0032549441 | ML15: 0.0032399361 | MM15: 0.0032250491 | MN15: 0.0032074688 | MO15: 0.0031913188 | MP15: 0.0031767475 | MQ15: 0.0031639825 | MR15: 0.0031514744 | MS15: 0.003139198 | MT15: 0.0031296621 | MU15: 0.0031192517 | MV15: 0.0031072401 | MW15: 0.0031056587 | MX15: 0.0031004978 | MY15: 0.0030873928 | MZ15: 0.0030834016 | NA15: 0.0030773507 | NB15: 0.0030644215 | NC15: 0.0030618544 | ND15: 0.0030602434 | NE15: 0.0030560366 | NF15: 0.0030530035 | NG15: 0.0030499594 | NH15: 0.0030461371 | NI15: 0.0030453061 | NJ15: 0.0030458712 | NK15: 0.0030479422 | NL15: 0.003046675 | NM15: 0.0030435571 | NN15: 0.0030381685 | NO15: 0.0030349356 | NP15: 0.0030339111 | NQ15: 0.0030381699 | NR15: 0.0030366541 | NS15: 0.0030336056 | NT15: 0.0030357184 | NU15: 0.0030343671 | NV15: 0.0030321159 | NW15: 0.0030348781 | NX15: 0.003034388 | NY15: 0.0030322244 | NZ15: 0.003031796 | OA15: 0.0030323755 | OB15: 0.0030329987 | OC15: 0.0030282148 | OD15: 0.0030267166 | OE15: 0.0030270216 | OF15: 0.0030209469 | OG15: 0.0030218016 | OH15: 0.0030277154 | OI15: 0.0030263101 | OJ15: 0.0030256825 | OK15: 0.0030255519 | OL15: 0.00302008 | OM15: 0.003017196 | ON15: 0.0030167347 | OO15: 0.0030196367 | OP15: 0.0030201826 | OQ15: 0.0030183721 | OR15: 0.0030155209 | OS15: 0.0030162294 | OT15: 0.0030208058 | OU15: 0.0030198938 | OV15: 0.0030190324 | OW15: 0.0030184299 | OX15: 0.0030321139 | OY15: 0.0030407155 | OZ15: 0.0030418916 | PA15: 0.0030661743 | PB15: 0.0030825913 | PC15: 0.0030857445 | PD15: 0.0030917928 | PE15: 0.0030943337 | PF15: =(BY15^2)^$PH$3/(IE15^$PH$2*BA15^$PH$5)^$PH$4 -> 0.4936993
A16: WMS23 | B16: 45.75 | C16: 0.001746422 | D16: 0.0079182515 | E16: 0.006401976 | F16: 0.0064026379 | G16: 0.001287379 | H16: 0.00090036612 | I16: 0.0027407932 | J16: 0.002776708 | K16: 0.0028098315 | L16: 0.0028441237 | M16: 0.0028799102 | N16: 0.0029166507 | O16: 0.0029545295 | P16: 0.0029904167 | Q16: 0.0030258084 | R16: 0.0030606303 | S16: 0.0030932956 | T16: 0.0031251986 | U16: 0.0031611229 | V16: 0.003198573 | W16: 0.0032376801 | X16: 0.003275904 | Y16: 0.0033150886 | Z16: 0.0033551351 | AA16: 0.0033889164 | AB16: 0.0034166772 | AC16: 0.0034505058 | AD16: 0.0034871527 | AE16: 0.0035248232 | AF16: 0.0035627787 | AG16: 0.0036009467 | AH16: 0.0036382553 | AI16: 0.0036775441 | AJ16: 0.0037196603 | AK16: 0.0037622548 | AL16: 0.0038051121 | AM16: 0.003856429 | AN16: 0.0067709364 | AO16: 0.0068293256 | AP16: 0.0068893354 | AQ16: 0.0069506668 | AR16: 0.0070123029 | AS16: 0.0070748718 | AT16: 0.0071394325 | AU16: 0.0072014123 | AV16: 0.0072621675 | AW16: 0.007323935 | AX16: 0.0073848292 | AY16: 0.0074445224 | AZ16: 0.0074991524 | BA16: 0.0075520359 | BB16: 0.0076027583 | BC16: 0.0076529006 | BD16: 0.0065312308 | BE16: 0.0065200917 | BF16: 0.0065059239 | BG16: 0.006491115 | BH16: 0.0064758232 | BI16: 0.0064623369 | BJ16: 0.0064495255 | BK16: 0.0064343465 | BL16: 0.0064192567 | BM16: 0.006404264 | BN16: 0.0063924746 | BO16: 0.0063812431 | BP16: 0.0063704069 | BQ16: 0.0063615853 | BR16: 0.0063539891 | BS16: 0.006349659 | BT16: 0.0063447751 | BU16: 0.0063393574 | BV16: 0.0063388837 | BW16: 0.0063382074 | BX16: 0.0063362486 | BY16: 0.0063350152 | BZ16: 0.0063345736 | CA16: 0.0063371944 | CB16: 0.0063400045 | CC16: 0.006342963 | CD16: 0.0063519556 | CE16: 0.0063620972 | CF16: 0.0063738104 | CG16: 0.0063842861 | CH16: 0.0063952494 | CI16: 0.0064092354 | CJ16: 0.0064243951 | CK16: 0.0064400565 | CL16: 0.0064505132 | CM16: 0.0064610273 | CN16: 0.0064716124 | CO16: 0.0064812308 | CP16: 0.0064884065 | CQ16: 0.0064899577 | CR16: 0.0064848356 | CS16: 0.0064750111 | CT16: 0.006451578 | CU16: 0.0064174677 | CV16: 0.0063746207 | CW16: 0.0063139718 | CX16: 0.0062443747 | CY16: 0.0061616078 | CZ16: 0.006059029 | DA16: 0.0059536005 | DB16: 0.0058541986 | DC16: 0.0057598996 | DD16: 0.005668805 | DE16: 0.0055840448 | DF16: 0.0055028178 | DG16: 0.0054249857 | DH16: 0.0053537478 | DI16: 0.0052867591 | DJ16: 0.0052264402 | DK16: 0.0051731226 | DL16: 0.0051239853 | DM16: 0.0050835712 | DN16: 0.0050533768 | DO16: 0.0050294758 | DP16: 0.0050128181 | DQ16: 0.0050022442 | DR16: 0.0049977684 | DS16: 0.0050039931 | DT16: 0.0050127437 | DU16: 0.0041869855 | DV16: 0.0040592205 | DW16: 0.0039267911 | DX16: 0.0037942702 | DY16: 0.003661652 | DZ16: 0.0035417082 | EA16: 0.0034257391 | EB16: 0.0033146732 | EC16: 0.0031975794 | ED16: 0.003073764 | EE16: 0.0029353645 | EF16: 0.0028113938 | EG16: 0.0026966944 | EH16: 0.0025998769 | EI16: 0.0024999632 | EJ16: 0.0023979517 | EK16: 0.0022936391 | EL16: 0.0021911928 | EM16: 0.0020903961 | EN16: 0.0019829644 | EO16: 0.0018773129 | EP16: 0.0017741065 | EQ16: 0.0016864559 | ER16: 0.0016121952 | ES16: 0.0015592243 | ET16: 0.0015100266 | EU16: 0.001464686 | EV16: 0.0014276424 | EW16: 0.001397206 | EX16: 0.0013712036 | EY16: 0.001353684 | EZ16: 0.0013366251 | FA16: 0.0013204672 | FB16: 0.0013106732 | FC16: 0.0013024272 | FD16: 0.0012954765 | FE16: 0.0012910134 | FF16: 0.0012869581 | FG16: 0.0012833618 | FH16: 0.0012770041 | FI16: 0.0012718255 | FJ16: 0.0012688132 | FK16: 0.0012661807 | FL16: 0.001263514 | FM16: 0.0012606296 | FN16: 0.0015063075 | FO16: 0.0014906834 | FP16: 0.00147541 | FQ16: 0.0014477155 | FR16: 0.0014114606 | FS16: 0.001376148 | FT16: 0.0013413105 | FU16: 0.0013068899 | FV16: 0.0012735017 | FW16: 0.0012370126 | FX16: 0.0011975418 | FY16: 0.0011662046 | FZ16: 0.0011385343 | GA16: 0.0011147472 | GB16: 0.0010934969 | GC16: 0.0010716229 | GD16: 0.0010488212 | GE16: 0.0010347261 | GF16: 0.0010222371 | GG16: 0.00101097 | GH16: 0.0010043177 | GI16: 0.00099699609 | GJ16: 0.0009876513 | GK16: 0.00098160158 | GL16: 0.0009751552 | GM16: 0.00096689752 | GN16: 0.00096416395 | GO16: 0.00096388667 | GP16: 0.00096655871 | GQ16: 0.00096079221 | GR16: 0.00095513653 | GS16: 0.0009551951 | GT16: 0.00095192411 | GU16: 0.00094840681 | GV16: 0.0009471322 | GW16: 0.00094860045 | GX16: 0.0009501786 | GY16: 0.00094889705 | GZ16: 0.00094283775 | HA16: 0.00093572124 | HB16: 0.00093215391 | HC16: 0.00093024982 | HD16: 0.00092889815 | HE16: 0.00092657352 | HF16: 0.00092641734 | HG16: 0.00092705871 | HH16: 0.00092588951 | HI16: 0.00092495274 | HJ16: 0.00092424694 | HK16: 0.00092423391 | HL16: 0.00092006114 | HM16: =((DW16/LY16)/(BA16/DX16))^0.3*(CA16/IB16)/(BA16/CA16) -> 1.0826549 | HN16: 0.0053662981 | HO16: 0.0054313342 | HP16: 0.0054861572 | HQ16: 0.0055258924 | HR16: 0.0055527278 | HS16: 0.0055724701 | HT16: 0.0055803019 | HU16: 0.0055804263 | HV16: 0.0055732331 | HW16: 0.0055415847 | HX16: 0.0055013435 | HY16: 0.0054547746 | HZ16: 0.0053967084 | IA16: 0.0053319444 | IB16: 0.0052600742 | IC16: 0.0051774632 | ID16: 0.0050878906 | IE16: 0.0049875875 | IF16: 0.0048801105 | IG16: 0.0047700406 | IH16: 0.0046575559 | II16: 0.0045435578 | IJ16: 0.0044284307 | IK16: 0.0043105209 | IL16: 0.0041869855 | IM16: 0.0040592205 | IN16: 0.0022936391 | IO16: 0.0021911928 | IP16: 0.0020903961 | IQ16: 0.0019829644 | IR16: 0.0018773129 | IS16: 0.0017741065 | IT16: 0.0016864559 | IU16: 0.0016121952 | IV16: 0.0015592243 | IW16: 0.0015100266 | IX16: 0.001464686 | IY16: 0.0014276424 | IZ16: 0.001397206 | JA16: 0.0013712036 | JB16: 0.001353684 | JC16: 0.0013366251 | JD16: 0.0013204672 | JE16: 0.0013106732 | JF16: 0.0013024272 | JG16: 0.0012954765 | JH16: 0.0012910134 | JI16: 0.0012869581 | JJ16: 0.0012833618 | JK16: 0.0012770041 | JL16: 0.0012718255 | JM16: 0.0012688132 | JN16: 0.0012661807 | JO16: 0.001263514 | JP16: 0.0012606296 | JQ16: 0.0012577191 | JR16: 0.0012555476 | JS16: 0.0012557407 | JT16: 0.001272753 | JU16: 0.0012961252 | JV16: 0.0013170077 | JW16: 0.0013283763 | JX16: 0.0013328358 | JY16: 0.0013253888 | JZ16: 0.0013139305 | KA16: 0.0012996245 | KB16: 0.0012911009 | KC16: 0.0012826369 | KD16: 0.0012742309 | KE16: 0.0012721494 | KF16: 0.0012701868 | KG16: 0.0012681272 | KH16: 0.0012702042 | KI16: 0.0012734055 | KJ16: 0.0012777342 | KK16: 0.0012817956 | KL16: 0.001286905 | KM16: 0.0012944621 | KN16: 0.0013008599 | KO16: 0.0013076808 | KP16: 0.0013167503 | KQ16: 0.0013235257 | KR16: 0.0013307436 | KS16: 0.0013436095 | KT16: 0.0013543965 | KU16: 0.0013645171 | KV16: 0.0013768347 | KW16: 0.0013879117 | KX16: 0.0013982655 | KY16: 0.0014093282 | KZ16: 0.0014231958 | LA16: 0.0014390227 | LB16: 0.0014469507 | LC16: 0.0014583128 | LD16: 0.0014729745 | LE16: 0.0014843187 | LF16: 0.0014965504 | LG16: 0.0015099037 | LH16: 0.0015225662 | LI16: 0.0015339238 | LJ16: 0.0015434781 | LK16: 0.0015546894 | LL16: 0.0015626407 | LM16: 0.0015643952 | LN16: 0.0015733289 | LO16: 0.0015801732 | LP16: 0.0015796719 | LQ16: 0.0015842389 | LR16: 0.0015868047 | LS16: 0.0015803175 | LT16: 0.0015801549 | LU16: 0.0015811003 | LV16: 0.0015786976 | LW16: 0.0015757865 | LX16: 0.0015727567 | LY16: 0.0015701062 | LZ16: 0.0015591188 | MA16: 0.0015433208 | MB16: 0.0015235094 | MC16: 0.0015063075 | MD16: 0.0014906834 | ME16: 0.00147541 | MF16: 0.0014477155 | MG16: 0.0014114606 | MH16: 0.001376148 | MI16: 0.0013413105 | MJ16: 0.0013068899 | MK16: 0.0012735017 | ML16: 0.0012370126 | MM16: 0.0011975418 | MN16: 0.0011662046 | MO16: 0.0011385343 | MP16: 0.0011147472 | MQ16: 0.0010934969 | MR16: 0.0010716229 | MS16: 0.0010488212 | MT16: 0.0010347261 | MU16: 0.0010222371 | MV16: 0.00101097 | MW16: 0.0010043177 | MX16: 0.00099699609 | MY16: 0.0009876513 | MZ16: 0.00098160158 | NA16: 0.0009751552 | NB16: 0.00096689752 | NC16: 0.00096416395 | ND16: 0.00096388667 | NE16: 0.00096655871 | NF16: 0.00096079221 | NG16: 0.00095513653 | NH16: 0.0009551951 | NI16: 0.00095192411 | NJ16: 0.00094840681 | NK16: 0.0009471322 | NL16: 0.00094860045 | NM16: 0.0009501786 | NN16: 0.00094889705 | NO16: 0.00094283775 | NP16: 0.00093572124 | NQ16: 0.00093215391 | NR16: 0.00093024982 | NS16: 0.00092889815 | NT16: 0.00092657352 | NU16: 0.00092641734 | NV16: 0.00092705871 | NW16: 0.00092588951 | NX16: 0.00092495274 | NY16: 0.00092424694 | NZ16: 0.00092423391 | OA16: 0.00092006114 | OB16: 0.00091462479 | OC16: 0.00092175015 | OD16: 0.00092224525 | OE16: 0.0009180057 | OF16: 0.00091207632 | OG16: 0.00091099687 | OH16: 0.00091327455 | OI16: 0.00090693884 | OJ16: 0.00090263846 | OK16: 0.00090025192 | OL16: 0.00090369033 | OM16: 0.00090275438 | ON16: 0.00089784396 | OO16: 0.00089922839 | OP16: 0.00090261721 | OQ16: 0.00090801017 | OR16: 0.00090780845 | OS16: 0.00090646633 | OT16: 0.00090395003 | OU16: 0.00090679322 | OV16: 0.00090474948 | OW16: 0.00089677435 | OX16: 0.00089775617 | OY16: 0.00090005595 | OZ16: 0.00090343318 | PA16: 0.0009018882 | PB16: 0.00090576566 | PC16: 0.0009176429 | PD16: 0.00092614055 | PE16: 0.000939759 | PF16: =(BY16^2)^$PH$3/(IE16^$PH$2*BA16^$PH$5)^$PH$4 -> 0.55806907
A17: WMS24 | B17: 43.5 | C17: 0.0019657654 | D17: 0.0074832333 | E17: 0.0060303189 | F17: 0.0060041774 | G17: 0.0013417542 | H17: 0.00095734893 | I17: 0.0026227716 | J17: 0.0026586226 | K17: 0.0026939276 | L17: 0.0027287195 | M17: 0.0027628849 | N17: 0.0027972671 | O17: 0.0028345602 | P17: 0.002871184 | Q17: 0.0029077903 | R17: 0.0029444257 | S17: 0.0029781754 | T17: 0.0030088016 | U17: 0.0030380789 | V17: 0.0030710576 | W17: 0.0031080585 | X17: 0.0031500121 | Y17: 0.003194714 | Z17: 0.0032369836 | AA17: 0.0032728769 | AB17: 0.0033026426 | AC17: 0.0033386037 | AD17: 0.0033793423 | AE17: 0.0034215431 | AF17: 0.0034631469 | AG17: 0.0035042066 | AH17: 0.0035469016 | AI17: 0.0035921845 | AJ17: 0.0036380206 | AK17: 0.0036844017 | AL17: 0.0037310014 | AM17: 0.0037805 | AN17: 0.0064423047 | AO17: 0.0064935451 | AP17: 0.006545126 | AQ17: 0.0065969798 | AR17: 0.0066531056 | AS17: 0.0067095478 | AT17: 0.0067657175 | AU17: 0.0068208528 | AV17: 0.0068755566 | AW17: 0.0069319062 | AX17: 0.0069867413 | AY17: 0.0070394921 | AZ17: 0.0070921321 | BA17: 0.0071430621 | BB17: 0.0071863667 | BC17: 0.0072315813 | BD17: 0.0061335598 | BE17: 0.0061226648 | BF17: 0.0061124015 | BG17: 0.0061019299 | BH17: 0.0060906811 | BI17: 0.0060789231 | BJ17: 0.0060670711 | BK17: 0.0060565279 | BL17: 0.0060456042 | BM17: 0.0060342687 | BN17: 0.0060206873 | BO17: 0.0060091487 | BP17: 0.0060032898 | BQ17: 0.005997192 | BR17: 0.0059909426 | BS17: 0.0059842573 | BT17: 0.0059791469 | BU17: 0.0059755474 | BV17: 0.0059720879 | BW17: 0.0059685764 | BX17: 0.0059649357 | BY17: 0.0059626584 | BZ17: 0.0059611115 | CA17: 0.0059610096 | CB17: 0.0059619945 | CC17: 0.0059638328 | CD17: 0.0059684998 | CE17: 0.0059736704 | CF17: 0.0059795215 | CG17: 0.0059877575 | CH17: 0.0059967118 | CI17: 0.00600615 | CJ17: 0.0060156387 | CK17: 0.0060251015 | CL17: 0.0060332153 | CM17: 0.0060405681 | CN17: 0.0060470314 | CO17: 0.0060514744 | CP17: 0.0060544702 | CQ17: 0.0060546642 | CR17: 0.0060468169 | CS17: 0.0060346038 | CT17: 0.0060147689 | CU17: 0.0059839735 | CV17: 0.0059442098 | CW17: 0.0058922541 | CX17: 0.0058314582 | CY17: 0.0057573895 | CZ17: 0.0056612484 | DA17: 0.00556281 | DB17: 0.005474023 | DC17: 0.0053909293 | DD17: 0.0053115764 | DE17: 0.0052412229 | DF17: 0.005174259 | DG17: 0.0051105517 | DH17: 0.0050526607 | DI17: 0.0049979734 | DJ17: 0.0049482013 | DK17: 0.0049053329 | DL17: 0.0048663929 | DM17: 0.0048353261 | DN17: 0.0048115105 | DO17: 0.0047923317 | DP17: 0.0047805671 | DQ17: 0.0047742941 | DR17: 0.0047735271 | DS17: 0.0047776132 | DT17: 0.0047841243 | DU17: 0.0038569962 | DV17: 0.0037420189 | DW17: 0.0036236607 | DX17: 0.0035055213 | DY17: 0.0033876209 | DZ17: 0.0032827591 | EA17: 0.0031816716 | EB17: 0.0030850921 | EC17: 0.0029789181 | ED17: 0.0028670484 | EE17: 0.0027454855 | EF17: 0.0026367427 | EG17: 0.0025356989 | EH17: 0.0024479151 | EI17: 0.0023551841 | EJ17: 0.002259331 | EK17: 0.0021624427 | EL17: 0.002069632 | EM17: 0.0019804317 | EN17: 0.0018954506 | EO17: 0.0018142732 | EP17: 0.0017378343 | EQ17: 0.0016723976 | ER17: 0.0016150725 | ES17: 0.00157028 | ET17: 0.0015327315 | EU17: 0.0014973772 | EV17: 0.0014631171 | EW17: 0.0014380033 | EX17: 0.001417094 | EY17: 0.0013984837 | EZ17: 0.001384065 | FA17: 0.0013724315 | FB17: 0.0013640568 | FC17: 0.0013580646 | FD17: 0.0013539971 | FE17: 0.0013471186 | FF17: 0.0013413331 | FG17: 0.001336779 | FH17: 0.001333194 | FI17: 0.0013295329 | FJ17: 0.0013256361 | FK17: 0.0013223606 | FL17: 0.0013191748 | FM17: 0.0013159517 | FN17: 0.0014828688 | FO17: 0.0014654229 | FP17: 0.0014567281 | FQ17: 0.0014350378 | FR17: 0.0014045255 | FS17: 0.0013767813 | FT17: 0.0013495211 | FU17: 0.0013226318 | FV17: 0.001295058 | FW17: 0.0012646947 | FX17: 0.0012316489 | FY17: 0.0012057054 | FZ17: 0.0011837045 | GA17: 0.0011658969 | GB17: 0.0011417306 | GC17: 0.0011215458 | GD17: 0.0011067663 | GE17: 0.0010906063 | GF17: 0.0010776249 | GG17: 0.0010693905 | GH17: 0.0010639104 | GI17: 0.0010578492 | GJ17: 0.0010502838 | GK17: 0.001043991 | GL17: 0.0010410253 | GM17: 0.0010441159 | GN17: 0.0010399695 | GO17: 0.0010349511 | GP17: 0.0010312919 | GQ17: 0.0010297159 | GR17: 0.0010270132 | GS17: 0.0010200781 | GT17: 0.0010204141 | GU17: 0.0010210682 | GV17: 0.0010161588 | GW17: 0.0010094877 | GX17: 0.0010029566 | GY17: 0.00099896525 | GZ17: 0.00099367331 | HA17: 0.00098914314 | HB17: 0.00098975708 | HC17: 0.00098914676 | HD17: 0.00098762195 | HE17: 0.00098429605 | HF17: 0.0009861038 | HG17: 0.0009897129 | HH17: 0.00098854369 | HI17: 0.00098357771 | HJ17: 0.00097730648 | HK17: 0.00097781556 | HL17: 0.00097631187 | HM17: =((DW17/LY17)/(BA17/DX17))^0.3*(CA17/IB17)/(BA17/CA17) -> 1.0747277 | HN17: 0.0050652526 | HO17: 0.0051121732 | HP17: 0.00514623 | HQ17: 0.0051613965 | HR17: 0.0051729865 | HS17: 0.0051797196 | HT17: 0.0051757267 | HU17: 0.005164678 | HV17: 0.0051475619 | HW17: 0.0051116405 | HX17: 0.0050684078 | HY17: 0.0050198416 | HZ17: 0.0049631223 | IA17: 0.0048994752 | IB17: 0.0048284737 | IC17: 0.0047470972 | ID17: 0.0046622572 | IE17: 0.004572849 | IF17: 0.0044767726 | IG17: 0.0043789568 | IH17: 0.0042809071 | II17: 0.0041806372 | IJ17: 0.0040783 | IK17: 0.0039693672 | IL17: 0.0038569962 | IM17: 0.0037420189 | IN17: 0.0021624427 | IO17: 0.002069632 | IP17: 0.0019804317 | IQ17: 0.0018954506 | IR17: 0.0018142732 | IS17: 0.0017378343 | IT17: 0.0016723976 | IU17: 0.0016150725 | IV17: 0.00157028 | IW17: 0.0015327315 | IX17: 0.0014973772 | IY17: 0.0014631171 | IZ17: 0.0014380033 | JA17: 0.001417094 | JB17: 0.0013984837 | JC17: 0.001384065 | JD17: 0.0013724315 | JE17: 0.0013640568 | JF17: 0.0013580646 | JG17: 0.0013539971 | JH17: 0.0013471186 | JI17: 0.0013413331 | JJ17: 0.001336779 | JK17: 0.001333194 | JL17: 0.0013295329 | JM17: 0.0013256361 | JN17: 0.0013223606 | JO17: 0.0013191748 | JP17: 0.0013159517 | JQ17: 0.0013139911 | JR17: 0.0013139506 | JS17: 0.0013188637 | JT17: 0.0013448525 | JU17: 0.0013762845 | JV17: 0.001392263 | JW17: 0.0013902868 | JX17: 0.0013764286 | JY17: 0.0013505247 | JZ17: 0.0013282313 | KA17: 0.0013089847 | KB17: 0.0013002024 | KC17: 0.0012948641 | KD17: 0.0012929681 | KE17: 0.0012971794 | KF17: 0.0013011574 | KG17: 0.0013045985 | KH17: 0.0013059687 | KI17: 0.0013085209 | KJ17: 0.0013134732 | KK17: 0.0013161392 | KL17: 0.0013189793 | KM17: 0.0013231778 | KN17: 0.0013290421 | KO17: 0.0013345251 | KP17: 0.0013374525 | KQ17: 0.0013453207 | KR17: 0.0013542214 | KS17: 0.0013592902 | KT17: 0.0013668439 | KU17: 0.0013756385 | KV17: 0.0013845368 | KW17: 0.0013948872 | KX17: 0.0014057182 | KY17: 0.0014120199 | KZ17: 0.0014223663 | LA17: 0.0014358087 | LB17: 0.0014466018 | LC17: 0.0014554651 | LD17: 0.0014624741 | LE17: 0.0014713759 | LF17: 0.0014799537 | LG17: 0.0014881058 | LH17: 0.0014973976 | LI17: 0.001506788 | LJ17: 0.001516197 | LK17: 0.0015239433 | LL17: 0.0015320282 | LM17: 0.0015411182 | LN17: 0.0015440063 | LO17: 0.0015456116 | LP17: 0.0015470011 | LQ17: 0.0015520781 | LR17: 0.0015556827 | LS17: 0.0015526561 | LT17: 0.0015530048 | LU17: 0.0015541596 | LV17: 0.0015542467 | LW17: 0.0015515985 | LX17: 0.001547931 | LY17: 0.001544681 | LZ17: 0.001532746 | MA17: 0.0015165581 | MB17: 0.0015004882 | MC17: 0.0014828688 | MD17: 0.0014654229 | ME17: 0.0014567281 | MF17: 0.0014350378 | MG17: 0.0014045255 | MH17: 0.0013767813 | MI17: 0.0013495211 | MJ17: 0.0013226318 | MK17: 0.001295058 | ML17: 0.0012646947 | MM17: 0.0012316489 | MN17: 0.0012057054 | MO17: 0.0011837045 | MP17: 0.0011658969 | MQ17: 0.0011417306 | MR17: 0.0011215458 | MS17: 0.0011067663 | MT17: 0.0010906063 | MU17: 0.0010776249 | MV17: 0.0010693905 | MW17: 0.0010639104 | MX17: 0.0010578492 | MY17: 0.0010502838 | MZ17: 0.001043991 | NA17: 0.0010410253 | NB17: 0.0010441159 | NC17: 0.0010399695 | ND17: 0.0010349511 | NE17: 0.0010312919 | NF17: 0.0010297159 | NG17: 0.0010270132 | NH17: 0.0010200781 | NI17: 0.0010204141 | NJ17: 0.0010210682 | NK17: 0.0010161588 | NL17: 0.0010094877 | NM17: 0.0010029566 | NN17: 0.00099896525 | NO17: 0.00099367331 | NP17: 0.00098914314 | NQ17: 0.00098975708 | NR17: 0.00098914676 | NS17: 0.00098762195 | NT17: 0.00098429605 | NU17: 0.0009861038 | NV17: 0.0009897129 | NW17: 0.00098854369 | NX17: 0.00098357771 | NY17: 0.00097730648 | NZ17: 0.00097781556 | OA17: 0.00097631187 | OB17: 0.00097352233 | OC17: 0.00097074006 | OD17: 0.00096835334 | OE17: 0.0009659948 | OF17: 0.00096035877 | OG17: 0.0009610044 | OH17: 0.0009662768 | OI17: 0.00096568559 | OJ17: 0.00096249014 | OK17: 0.00095723471 | OL17: 0.00095710612 | OM17: 0.00095341358 | ON17: 0.00094649869 | OO17: 0.00094627989 | OP17: 0.00094444102 | OQ17: 0.00094098185 | OR17: 0.00094276515 | OS17: 0.00094429299 | OT17: 0.00094548676 | OU17: 0.00094123649 | OV17: 0.00093868126 | OW17: 0.00093831352 | OX17: 0.00093964378 | OY17: 0.00094692616 | OZ17: 0.00096167022 | PA17: 0.00096277491 | PB17: 0.00096694808 | PC17: 0.00097677641 | PD17: 0.0009768557 | PE17: 0.00097592786 | PF17: =(BY17^2)^$PH$3/(IE17^$PH$2*BA17^$PH$5)^$PH$4 -> 0.62482332
